item_id	Other	Action	Adventure	Animation	Children	Comedy	Crime	Documentary	Drama	Fantasy	Film-Noir	Horror	Musical	Mystery	Romance	Sci-Fi	Thriller	War	Western	label
1	0	0	0	1	1	1	0	0	0	0	0	0	0	0	0	0	0	0	0	1
2	0	1	1	0	0	0	0	0	0	0	0	0	0	0	0	0	1	0	0	4
3	0	0	0	0	0	0	0	0	0	0	0	0	0	0	0	0	1	0	0	7
4	0	1	0	0	0	1	0	0	1	0	0	0	0	0	0	0	0	0	0	8
5	0	0	0	0	0	0	1	0	1	0	0	0	0	0	0	0	1	0	0	6
6	0	0	0	0	0	0	0	0	1	0	0	0	0	0	0	0	0	0	0	6
7	0	0	0	0	0	0	0	0	1	0	0	0	0	0	0	1	0	0	0	6
8	0	0	0	0	1	1	0	0	1	0	0	0	0	0	0	0	0	0	0	8
9	0	0	0	0	0	0	0	0	1	0	0	0	0	0	0	0	0	0	0	6
10	0	0	0	0	0	0	0	0	1	0	0	0	0	0	0	0	0	1	0	6
11	0	0	0	0	0	0	1	0	0	0	0	0	0	0	0	0	1	0	0	7
12	0	0	0	0	0	0	1	0	0	0	0	0	0	0	0	0	1	0	0	7
13	0	0	0	0	0	1	0	0	0	0	0	0	0	0	0	0	0	0	0	9
14	0	0	0	0	0	0	0	0	1	0	0	0	0	0	1	0	0	0	0	3
15	0	0	0	0	0	0	0	0	1	0	0	0	0	0	0	0	0	0	0	6
16	0	0	0	0	0	1	0	0	0	0	0	0	0	0	1	0	0	0	0	2
17	0	1	0	0	0	1	1	0	0	0	0	1	0	0	0	0	1	0	0	4
18	0	0	0	0	0	0	0	0	1	0	0	0	0	0	0	0	0	0	0	6
19	0	0	0	0	0	0	0	0	1	0	0	0	0	0	0	0	0	0	0	6
20	0	0	0	0	0	0	0	0	1	0	0	0	0	0	1	0	0	0	0	3
21	0	1	1	0	0	1	0	0	0	0	0	0	1	0	0	0	1	0	0	4
22	0	1	0	0	0	0	0	0	1	0	0	0	0	0	0	0	0	1	0	6
23	0	0	0	0	0	0	0	0	1	0	0	0	0	0	0	0	1	0	0	6
24	0	1	1	0	0	0	1	0	0	0	0	0	0	0	0	0	0	0	0	5
25	0	0	0	0	0	1	0	0	0	0	0	0	0	0	0	0	0	0	0	9
26	0	0	0	0	0	1	0	0	0	0	0	0	0	0	0	0	0	0	0	9
27	0	1	0	0	0	0	0	0	0	0	0	0	0	0	0	0	0	0	0	4
28	0	1	0	0	0	0	0	0	1	0	0	0	0	0	0	0	1	0	0	4
29	0	1	1	0	0	1	1	0	0	0	0	0	0	0	0	0	0	0	0	5
30	0	0	0	0	0	0	0	0	1	0	0	0	0	0	0	0	0	0	0	6
31	0	0	0	0	0	0	0	0	1	0	0	0	0	0	0	0	1	1	0	6
32	0	0	0	0	0	0	0	1	0	0	0	0	0	0	0	0	0	0	0	0
33	0	1	0	0	0	0	0	0	0	0	0	0	0	0	1	0	1	0	0	4
34	0	0	0	0	0	1	0	0	1	0	0	0	0	0	0	0	0	0	0	8
35	0	0	1	0	1	0	0	0	1	0	0	0	0	0	0	0	0	0	0	5
36	0	0	0	0	0	0	0	0	1	0	0	0	0	0	1	0	0	0	0	3
37	0	0	0	0	0	0	0	0	1	0	0	0	0	0	0	0	0	0	0	6
38	0	0	0	0	0	0	0	0	0	0	0	0	0	0	0	1	1	0	0	7
39	0	1	0	0	0	0	1	0	0	0	0	0	0	0	0	1	0	0	0	4
40	0	0	0	0	0	1	0	0	0	0	0	0	0	0	0	0	0	0	0	9
41	0	0	0	0	0	1	0	0	0	0	0	0	0	0	0	0	0	0	0	9
42	0	0	0	0	0	1	0	0	0	0	0	0	0	0	0	0	0	0	0	9
43	0	0	0	0	0	0	0	0	1	0	0	0	0	0	0	0	1	0	0	6
44	0	0	0	0	0	0	0	0	1	0	0	0	0	0	0	0	1	0	0	6
45	0	0	0	0	0	1	0	0	1	0	0	0	0	0	0	0	0	0	0	8
46	0	0	0	0	0	0	0	0	1	0	0	0	0	0	0	0	0	0	0	6
47	0	0	0	0	0	1	0	0	1	0	0	0	0	0	0	0	0	0	0	8
48	0	0	0	0	0	0	0	1	0	0	0	0	0	0	0	0	0	0	0	0
49	0	0	0	0	0	1	0	0	0	0	0	0	0	0	1	0	0	0	0	2
50	0	1	1	0	0	0	0	0	0	0	0	0	0	0	1	1	0	1	0	5
51	0	0	0	0	0	0	0	0	1	0	0	0	0	0	1	0	0	1	1	3
52	0	0	0	0	0	0	0	0	1	0	0	0	0	0	0	0	0	0	0	6
53	0	1	0	0	0	0	0	0	0	0	0	0	0	0	0	0	1	0	0	4
54	0	1	0	0	0	0	0	0	1	0	0	0	0	0	0	0	1	0	0	4
55	0	0	0	0	0	0	1	0	1	0	0	0	0	0	1	0	1	0	0	3
56	0	0	0	0	0	0	1	0	1	0	0	0	0	0	0	0	0	0	0	6
57	0	0	0	0	0	0	0	0	1	0	0	0	0	0	0	0	0	0	0	6
58	0	0	0	0	0	0	0	0	1	0	0	0	0	0	0	0	0	0	0	6
59	0	0	0	0	0	0	0	0	1	0	0	0	0	0	0	0	0	0	0	6
60	0	0	0	0	0	0	0	0	1	0	0	0	0	0	0	0	0	0	0	6
61	0	0	0	0	0	0	0	0	1	0	0	0	0	0	0	0	0	0	0	6
62	0	1	1	0	0	0	0	0	0	0	0	0	0	0	0	1	0	0	0	5
63	0	0	0	0	1	1	0	0	0	0	0	0	0	0	0	0	0	0	0	9
64	0	0	0	0	0	0	0	0	1	0	0	0	0	0	0	0	0	0	0	6
65	0	0	0	0	0	1	0	0	1	0	0	0	0	0	0	0	0	0	0	8
66	0	0	0	0	0	1	0	0	0	0	0	0	0	0	1	0	0	0	0	2
67	0	0	0	0	0	1	0	0	0	0	0	0	0	0	0	0	0	0	0	9
68	0	1	0	0	0	0	0	0	0	0	0	0	0	0	1	0	1	0	0	4
69	0	0	0	0	0	1	0	0	0	0	0	0	0	0	1	0	0	1	0	2
70	0	0	0	0	0	1	0	0	0	0	0	0	0	0	1	0	0	0	0	2
71	0	0	0	1	1	0	0	0	0	0	0	0	1	0	0	0	0	0	0	1
72	0	0	0	0	0	1	1	0	0	1	0	0	0	0	0	0	0	0	0	9
73	0	1	0	0	0	1	0	0	0	0	0	0	0	0	0	0	0	0	1	9
74	0	1	0	0	0	1	0	0	1	0	0	0	0	0	0	0	0	0	0	8
75	0	0	0	0	0	0	0	1	0	0	0	0	0	0	0	0	0	0	0	0
76	0	0	0	0	0	0	1	0	1	0	0	0	0	0	0	0	0	0	0	6
77	0	0	0	0	0	0	0	0	1	0	0	0	0	0	0	0	1	0	0	6
78	0	0	1	0	1	0	0	0	1	0	0	0	0	0	0	0	0	0	0	5
79	0	1	0	0	0	0	0	0	0	0	0	0	0	0	0	0	1	0	0	4
80	0	1	0	0	0	1	0	0	0	0	0	0	0	0	0	0	0	1	0	9
81	0	0	0	0	0	1	0	0	0	0	0	0	0	0	1	0	0	0	0	2
82	0	1	1	0	0	0	0	0	0	0	0	0	0	0	0	1	0	0	0	5
83	0	0	0	0	0	1	0	0	0	0	0	0	0	0	1	0	0	0	0	2
84	0	0	0	0	0	0	0	0	0	0	0	1	0	0	0	1	0	0	0	0
85	0	0	0	0	0	1	0	0	0	0	0	0	0	0	0	0	0	0	0	9
86	0	0	0	0	0	0	0	0	1	0	0	0	0	0	0	0	0	0	0	6
87	0	0	0	0	0	0	0	0	1	0	0	0	0	0	0	0	0	0	0	6
88	0	0	0	0	0	1	0	0	0	0	0	0	0	0	1	0	0	0	0	2
89	0	0	0	0	0	0	0	0	0	0	1	0	0	0	0	1	0	0	0	0
90	0	0	0	0	0	1	0	0	0	0	0	0	0	0	1	0	1	0	0	2
91	0	0	0	0	1	1	0	0	0	0	0	0	1	0	0	0	0	0	0	1
92	0	1	0	0	0	0	1	0	0	0	0	0	0	0	1	0	0	0	0	4
93	0	0	0	0	0	1	0	0	1	0	0	0	0	0	0	0	0	0	0	8
94	0	0	0	0	1	1	0	0	0	0	0	0	0	0	0	0	0	0	0	9
95	0	0	0	1	1	1	0	0	0	0	0	0	1	0	0	0	0	0	0	1
96	0	1	0	0	0	0	0	0	0	0	0	0	0	0	0	1	1	0	0	4
97	0	0	1	0	0	0	0	0	1	0	0	0	0	0	0	0	0	0	1	6
98	0	0	0	0	0	0	0	0	1	0	0	0	0	0	0	0	1	0	0	6
99	0	0	0	1	1	0	0	0	0	0	0	0	1	0	0	0	0	0	0	1
100	0	0	0	0	0	0	1	0	1	0	0	0	0	0	0	0	1	0	0	6
101	0	1	1	1	0	0	0	0	0	0	0	1	0	0	0	1	0	0	0	5
102	0	0	0	1	1	0	0	0	0	0	0	0	0	0	0	0	0	0	0	1
103	0	0	0	1	1	0	0	0	0	0	0	0	1	0	0	0	0	0	0	1
104	0	0	0	0	0	1	0	0	0	0	0	0	0	0	0	0	0	0	0	9
105	0	0	0	0	0	1	0	0	0	0	0	0	0	0	0	0	0	0	0	9
106	0	0	0	0	0	0	0	0	1	0	0	0	0	0	0	0	1	0	0	6
107	0	0	0	0	0	0	0	0	1	0	0	0	0	0	0	0	0	0	0	6
108	0	0	0	0	0	1	0	0	0	0	0	0	0	0	0	0	0	0	0	9
109	0	0	0	0	0	1	0	0	0	0	0	0	0	0	0	1	0	0	0	9
110	0	1	1	0	0	1	0	0	0	0	0	0	0	0	0	0	0	1	0	5
111	0	0	0	0	0	1	0	0	0	0	0	0	0	0	1	0	0	0	0	2
112	0	0	1	0	1	0	0	0	0	0	0	0	0	0	0	0	0	0	0	5
113	0	0	0	0	0	0	0	0	1	0	0	0	0	0	0	0	0	0	0	6
114	0	0	0	1	0	0	0	0	0	0	0	0	0	0	0	0	0	0	0	0
115	0	0	0	0	0	0	0	1	0	0	0	0	0	0	0	0	0	0	0	0
116	0	0	0	0	0	1	0	0	0	0	0	0	0	0	0	0	0	0	0	9
117	0	1	1	0	0	0	0	0	0	0	0	0	0	0	0	0	1	0	0	4
118	0	1	1	0	0	0	0	0	0	0	0	0	0	0	0	0	1	0	0	4
119	0	0	0	0	0	0	0	1	0	0	0	0	0	0	0	0	0	0	0	0
120	0	0	0	0	0	1	1	0	0	0	0	0	0	0	0	0	0	0	0	9
121	0	1	0	0	0	0	0	0	0	0	0	0	0	0	0	1	0	1	0	4
122	0	0	0	0	0	1	0	0	0	0	0	0	0	0	0	0	0	0	0	9
123	0	0	0	0	0	1	0	0	0	0	0	1	0	0	0	0	0	0	0	9
124	0	0	0	0	0	0	0	0	1	0	0	0	0	1	0	0	0	0	0	6
125	0	0	0	0	0	0	0	0	1	0	0	0	0	0	1	0	0	0	0	3
126	0	0	0	0	0	0	0	0	1	0	0	0	0	0	0	0	0	0	0	6
127	0	1	0	0	0	0	1	0	1	0	0	0	0	0	0	0	0	0	0	6
128	0	1	0	0	0	0	0	0	0	0	0	0	0	0	0	0	1	0	0	4
129	0	0	0	0	0	0	1	0	1	0	0	0	0	0	1	0	1	0	0	3
130	0	0	0	0	0	0	1	0	0	0	0	0	0	0	0	0	0	0	0	0
131	0	0	0	0	0	0	0	0	1	0	0	0	0	0	1	0	0	0	0	3
132	0	0	1	0	1	0	0	0	1	0	0	0	1	0	0	0	0	0	0	1
133	0	0	0	0	0	0	0	0	1	0	0	0	0	0	1	0	0	1	0	3
134	0	0	0	0	0	0	0	0	1	0	0	0	0	0	0	0	0	0	0	6
135	0	0	0	0	0	0	0	0	1	0	0	0	0	1	0	1	1	0	0	7
136	0	0	0	0	0	0	0	0	1	0	0	0	0	0	0	0	0	0	0	6
137	0	0	0	0	0	0	0	0	1	0	0	0	0	0	0	0	0	0	0	6
138	0	0	0	0	1	1	0	0	0	0	0	0	0	0	0	0	0	0	0	9
139	0	0	0	0	1	1	0	0	0	0	0	0	0	0	0	0	0	0	0	9
140	0	0	1	0	1	0	0	0	0	0	0	0	0	0	0	0	0	0	0	5
141	0	0	1	0	1	0	0	0	0	1	0	0	0	0	0	1	0	0	0	5
142	0	0	1	0	1	0	0	0	0	0	0	0	1	0	0	0	0	0	0	1
143	0	0	0	0	0	0	0	0	0	0	0	0	1	0	0	0	0	0	0	0
144	0	1	0	0	0	0	0	0	0	0	0	0	0	0	0	0	1	0	0	4
145	0	1	0	0	0	0	0	0	0	0	0	0	0	0	0	1	1	0	0	4
146	0	0	0	0	0	0	0	0	1	0	0	0	0	0	0	0	0	0	0	6
147	0	1	0	0	0	0	0	0	0	0	0	0	0	0	0	0	1	0	0	4
148	0	1	1	0	0	0	0	0	0	0	0	0	0	0	0	0	0	0	0	5
149	0	0	0	0	0	0	0	0	1	0	0	0	0	0	0	0	0	0	0	6
150	0	0	0	0	0	1	0	0	1	0	0	0	0	0	0	0	0	0	0	8
151	0	0	1	0	1	1	0	0	0	0	0	0	0	0	0	0	0	0	0	5
152	0	0	0	0	0	1	0	0	0	0	0	0	0	0	0	1	0	0	0	9
153	0	0	0	0	0	1	0	0	0	0	0	0	0	0	0	0	0	0	0	9
154	0	0	0	0	0	1	0	0	0	0	0	0	0	0	0	0	0	0	0	9
155	0	0	0	0	0	0	0	0	0	0	0	0	1	0	1	0	0	0	0	2
156	0	0	0	0	0	0	1	0	0	0	0	0	0	0	0	0	1	0	0	7
157	0	0	0	0	0	0	0	0	1	0	0	0	0	0	0	0	0	1	0	6
158	0	0	0	0	0	1	0	0	0	0	0	0	0	0	0	0	0	0	0	9
159	0	0	0	0	0	0	0	0	0	0	0	0	0	1	0	0	1	0	0	7
160	0	0	0	0	0	0	0	0	1	0	0	0	0	0	0	0	0	0	0	6
161	0	1	0	0	0	0	0	0	0	0	0	0	0	0	1	0	0	0	0	4
162	0	0	0	0	0	0	0	0	1	0	0	0	0	0	0	0	0	0	0	6
163	0	0	0	0	0	1	0	0	0	0	0	0	0	0	0	0	0	0	0	9
164	0	1	1	0	0	0	0	0	0	0	0	0	0	0	0	1	1	0	0	4
165	0	0	0	0	0	0	0	0	1	0	0	0	0	0	0	0	0	0	0	6
166	0	0	0	0	0	0	0	0	1	0	0	0	0	0	0	0	0	0	0	6
167	0	0	0	0	0	1	0	0	0	0	0	0	0	0	0	0	0	0	0	9
168	0	0	0	0	0	1	0	0	0	0	0	0	0	0	0	0	0	0	0	9
169	0	0	0	1	0	1	0	0	0	0	0	0	0	0	0	0	0	0	0	9
170	0	0	0	0	0	1	0	0	1	0	0	0	0	0	1	0	0	0	0	2
171	0	0	0	0	0	1	0	0	0	0	0	0	0	0	0	1	0	0	0	9
172	0	1	1	0	0	0	0	0	1	0	0	0	0	0	1	1	0	1	0	5
173	0	1	1	0	0	1	0	0	0	0	0	0	0	0	1	0	0	0	0	2
174	0	1	1	0	0	0	0	0	0	0	0	0	0	0	0	0	0	0	0	5
175	0	0	0	0	0	0	0	0	0	0	0	0	0	0	0	1	0	0	0	0
176	0	1	0	0	0	0	0	0	0	0	0	0	0	0	0	1	1	1	0	4
177	0	1	0	0	0	0	0	0	0	0	0	0	0	0	0	0	0	0	1	4
178	0	0	0	0	0	0	0	0	1	0	0	0	0	0	0	0	0	0	0	6
179	0	0	0	0	0	0	0	0	0	0	0	0	0	0	0	1	0	0	0	0
180	0	0	0	0	0	0	0	0	1	0	0	0	0	0	0	0	0	1	0	6
181	0	1	1	0	0	0	0	0	0	0	0	0	0	0	1	1	0	1	0	5
182	0	0	0	0	0	0	1	0	1	0	0	0	0	0	0	0	0	0	0	6
183	0	1	0	0	0	0	0	0	0	0	0	1	0	0	0	1	1	0	0	4
184	0	1	1	0	0	1	0	0	0	0	0	1	0	0	0	1	0	0	0	5
185	0	0	0	0	0	0	0	0	0	0	0	1	0	0	1	0	1	0	0	7
186	0	1	0	0	0	1	0	0	0	0	0	0	1	0	0	0	0	0	0	9
187	0	1	0	0	0	0	1	0	1	0	0	0	0	0	0	0	0	0	0	6
188	0	1	0	0	0	0	0	0	1	0	0	0	0	0	0	0	0	1	0	6
189	0	0	0	1	0	1	0	0	0	0	0	0	0	0	0	0	0	0	0	9
190	0	0	0	0	0	0	0	0	1	0	0	0	0	0	0	0	0	1	0	6
191	0	0	0	0	0	0	0	0	1	0	0	0	0	1	0	0	0	0	0	6
192	0	0	0	0	0	0	0	0	1	0	0	0	0	0	0	0	0	0	0	6
193	0	0	0	0	0	0	0	0	1	0	0	0	0	0	0	0	0	0	0	6
194	0	0	0	0	0	1	1	0	0	0	0	0	0	0	0	0	0	0	0	9
195	0	1	0	0	0	0	0	0	0	0	0	0	0	0	0	1	1	0	0	4
196	0	0	0	0	0	0	0	0	1	0	0	0	0	0	0	0	0	0	0	6
197	0	0	0	0	0	0	0	0	1	0	0	0	0	0	1	0	0	0	0	3
198	0	0	0	0	0	0	0	0	0	0	0	0	0	0	0	0	1	0	0	7
199	0	0	0	0	0	0	0	0	1	0	0	0	0	0	0	0	0	1	0	6
200	0	0	0	0	0	0	0	0	0	0	0	1	0	0	0	0	0	0	0	0
201	0	1	1	0	0	1	0	0	0	0	0	1	0	0	0	0	0	0	0	5
202	0	0	0	0	0	1	0	0	0	0	0	0	0	0	1	0	0	0	0	2
203	0	0	0	0	0	0	0	0	0	0	0	0	0	0	0	0	0	0	1	0
204	0	0	0	0	0	1	0	0	0	0	0	0	0	0	0	1	0	0	0	9
205	0	0	0	0	0	0	0	0	1	0	0	0	0	0	0	0	0	1	0	6
206	0	0	1	1	0	0	0	0	0	0	0	0	0	0	0	1	1	0	0	7
207	0	1	0	0	0	0	0	0	1	0	0	0	0	0	1	0	0	0	0	3
208	0	0	0	0	0	1	0	0	0	0	0	1	0	0	0	0	0	0	0	9
209	0	0	0	0	0	1	0	0	1	0	0	0	1	0	0	0	0	0	0	8
210	0	1	1	0	0	0	0	0	0	0	0	0	0	0	0	0	0	0	0	5
211	0	0	0	0	0	1	0	0	0	0	0	0	0	0	0	0	0	1	0	9
212	0	0	0	0	0	0	0	0	1	0	0	0	0	0	0	0	0	0	0	6
213	0	0	0	0	0	0	0	0	1	0	0	0	0	0	1	0	0	0	0	3
214	0	0	0	0	0	0	0	0	1	0	0	0	1	0	0	0	0	1	0	6
215	0	0	0	0	0	0	0	0	1	0	0	0	0	0	0	0	0	0	0	6
216	0	0	0	0	0	1	0	0	0	0	0	0	0	0	1	0	0	0	0	2
217	0	0	0	0	0	0	0	0	0	0	0	1	0	0	1	0	0	0	0	2
218	0	0	0	0	0	0	0	0	0	0	0	0	0	0	0	0	1	0	0	7
219	0	0	0	0	0	0	0	0	0	0	0	1	0	0	0	0	0	0	0	0
220	0	0	0	0	0	1	0	0	0	0	0	0	0	0	1	0	0	0	0	2
221	0	0	0	0	0	0	0	0	1	0	0	0	0	0	0	0	0	0	0	6
222	0	1	1	0	0	0	0	0	0	0	0	0	0	0	0	1	0	0	0	5
223	0	0	0	0	0	0	0	0	1	0	0	0	0	0	0	0	1	0	0	6
224	0	0	0	0	0	0	0	0	1	0	0	0	0	0	0	0	0	0	0	6
225	0	0	0	0	1	1	0	0	0	0	0	0	0	0	0	0	0	0	0	9
226	0	1	0	0	0	0	0	0	0	0	0	0	0	0	0	0	1	0	0	4
227	0	1	1	0	0	0	0	0	0	0	0	0	0	0	0	1	0	0	0	5
228	0	1	1	0	0	0	0	0	0	0	0	0	0	0	0	1	0	0	0	5
229	0	1	1	0	0	0	0	0	0	0	0	0	0	0	0	1	0	0	0	5
230	0	1	1	0	0	0	0	0	0	0	0	0	0	0	0	1	0	0	0	5
231	0	1	1	0	0	1	1	0	0	0	0	0	0	0	0	0	0	0	0	5
232	0	1	0	0	0	1	0	0	0	0	0	0	0	0	0	0	0	0	1	9
233	0	1	0	0	0	0	0	0	0	0	0	0	0	0	0	0	0	0	0	4
234	0	1	0	0	0	0	0	0	0	0	0	1	0	0	0	0	0	0	0	4
235	0	1	0	0	0	1	0	0	0	0	0	0	0	0	0	1	0	1	0	9
236	0	0	0	0	0	1	0	0	1	0	0	0	0	0	0	0	0	0	0	8
237	0	0	0	0	0	0	0	0	1	0	0	0	0	0	1	0	0	0	0	3
238	0	0	0	0	0	1	0	0	0	0	0	0	0	0	0	0	0	0	0	9
239	0	0	0	0	0	0	1	0	1	0	0	0	0	0	0	1	0	0	0	6
240	0	0	0	1	0	1	0	0	0	0	0	0	0	0	0	0	0	0	0	9
241	0	1	0	0	0	0	0	0	0	0	0	0	0	0	1	0	0	1	0	4
242	0	0	0	0	0	1	0	0	0	0	0	0	0	0	0	0	0	0	0	9
243	0	0	0	0	1	1	0	0	0	0	0	0	0	0	0	0	0	0	0	9
244	0	1	0	0	0	0	0	0	1	0	0	0	0	0	0	0	1	0	0	4
245	0	1	0	0	0	0	0	0	1	0	0	0	0	0	0	0	1	1	0	4
246	0	0	0	0	0	0	0	0	1	0	0	0	0	0	1	0	0	0	0	3
247	0	1	1	0	1	0	0	0	0	0	0	0	0	0	0	0	0	0	0	5
248	0	0	0	0	0	1	1	0	0	0	0	0	0	0	0	0	0	0	0	9
249	0	0	0	0	0	1	0	0	0	0	0	0	0	0	0	0	0	0	0	9
250	0	1	0	0	0	0	0	0	0	0	0	0	0	0	0	1	0	0	0	4
251	0	0	0	0	0	1	0	0	0	0	0	0	0	0	0	0	0	0	0	9
252	0	1	1	0	0	0	0	0	0	0	0	0	0	0	0	1	1	0	0	4
253	0	0	0	0	0	0	0	0	1	0	0	0	0	0	1	0	0	0	0	3
254	0	1	1	0	0	0	1	0	0	0	0	0	0	0	0	0	0	0	0	5
255	0	0	0	0	0	1	0	0	0	0	0	0	0	0	1	0	0	0	0	2
256	0	0	0	0	0	1	0	0	0	0	0	0	0	0	1	0	0	0	0	2
257	0	1	1	0	0	1	0	0	0	0	0	0	0	0	0	1	0	0	0	5
258	0	0	0	0	0	0	0	0	1	0	0	0	0	0	0	1	0	0	0	6
259	0	0	0	0	1	1	0	0	0	0	0	0	0	0	0	0	0	0	0	9
260	0	1	0	0	0	0	0	0	0	0	0	0	0	1	0	1	1	0	0	4
261	0	0	0	0	1	1	0	0	0	0	0	0	0	0	0	0	0	0	0	9
262	0	0	0	0	0	0	0	0	1	0	0	0	0	0	0	0	0	0	0	6
263	0	1	0	0	0	0	0	0	0	0	0	0	0	0	0	0	0	0	0	4
264	0	0	0	0	0	0	0	0	0	0	0	0	0	0	0	1	1	0	0	7
265	0	1	0	0	0	0	0	0	0	0	0	0	0	0	0	0	1	0	0	4
266	0	1	1	0	0	0	0	0	0	0	0	0	0	0	0	0	0	0	0	5
268	0	0	0	0	0	0	0	0	1	0	0	0	0	0	1	0	0	0	0	3
269	0	0	0	0	0	1	0	0	0	0	0	0	0	0	0	0	0	0	0	9
270	0	0	0	0	0	0	0	0	1	0	0	0	0	0	0	1	1	0	0	6
271	0	1	1	0	0	0	0	0	0	0	0	0	0	0	0	1	0	1	0	5
272	0	0	0	0	0	0	0	0	1	0	0	0	0	0	0	0	0	0	0	6
273	0	1	0	0	0	0	1	0	0	0	0	0	0	0	0	0	1	0	0	4
274	0	0	0	0	0	1	0	0	0	0	0	0	0	0	1	0	0	0	0	2
275	0	0	0	0	0	0	0	0	1	0	0	0	0	0	1	0	0	0	0	3
276	0	0	0	0	0	0	0	0	1	0	0	0	0	0	1	0	0	0	0	3
277	0	0	0	0	0	0	0	0	1	0	0	0	0	0	0	0	0	0	0	6
278	0	0	0	0	0	0	0	0	1	0	0	0	0	0	1	0	0	0	0	3
279	0	0	0	0	0	0	0	0	1	0	0	0	0	0	0	0	0	0	0	6
280	0	0	0	0	0	0	0	0	1	0	0	0	0	0	1	0	0	0	0	3
281	0	1	0	0	0	0	0	0	0	0	0	0	0	0	0	0	1	0	0	4
282	0	0	0	0	0	0	0	0	1	0	0	0	0	0	0	0	0	0	0	6
283	0	0	0	0	0	0	0	0	1	0	0	0	0	0	1	0	0	0	0	3
284	0	0	0	0	0	1	0	0	0	0	0	0	0	0	1	0	0	0	0	2
285	0	0	0	0	0	0	0	0	1	0	0	0	0	0	0	0	0	0	0	6
286	0	0	0	0	0	0	0	0	1	0	0	0	0	0	1	0	0	1	0	3
287	0	0	0	0	0	0	0	0	1	0	0	0	0	0	0	0	0	0	0	6
288	0	0	0	0	0	0	0	0	0	0	0	1	0	0	0	0	1	0	0	7
289	0	0	0	0	0	0	0	0	1	0	0	0	1	0	0	0	0	0	0	6
290	0	0	0	0	0	1	0	0	0	0	0	0	0	0	0	0	0	0	0	9
291	0	0	0	0	0	0	0	0	0	0	0	0	0	1	0	0	1	0	0	7
292	0	0	0	0	0	0	0	0	1	0	0	0	0	0	0	0	0	0	0	6
293	0	0	0	0	0	0	1	0	1	0	0	0	0	0	0	0	0	0	0	6
294	0	0	0	0	0	1	0	0	0	0	0	0	0	0	0	0	0	0	0	9
295	0	1	0	0	0	0	0	0	0	0	0	0	0	0	0	0	1	0	0	4
296	0	0	0	0	0	0	0	0	1	0	0	0	0	0	0	0	0	0	0	6
297	0	0	0	0	0	0	0	0	1	0	0	0	0	0	0	0	0	0	0	6
298	0	1	0	0	0	0	0	0	0	0	0	0	0	0	0	1	1	0	0	4
299	0	0	0	0	0	0	1	0	1	0	1	0	0	0	0	0	0	0	0	6
300	0	1	0	0	0	0	0	0	0	0	0	0	0	0	0	0	1	0	0	4
301	0	0	0	0	0	1	0	0	0	0	0	0	0	0	0	0	0	0	0	9
302	0	0	0	0	0	0	1	0	0	0	1	0	0	1	0	0	1	0	0	7
303	0	0	0	0	0	0	0	0	1	0	0	0	0	0	0	0	0	0	0	6
304	0	0	1	0	1	0	0	0	0	0	0	0	0	0	0	0	0	0	0	5
305	0	0	0	0	0	0	0	0	1	0	0	0	0	0	0	0	0	0	0	6
306	0	0	0	0	0	0	0	0	1	0	0	0	0	0	1	0	0	0	0	3
307	0	0	0	0	0	0	1	0	0	0	0	1	0	1	0	0	1	0	0	7
308	0	0	0	0	1	0	0	0	1	1	0	0	0	0	0	0	0	0	0	6
309	0	0	0	0	0	0	1	0	0	0	0	0	0	0	0	0	0	0	0	0
310	0	0	0	0	0	0	0	0	1	0	0	0	0	0	0	0	0	0	0	6
311	0	0	0	0	0	0	0	0	1	0	0	0	0	0	1	0	1	0	0	3
312	0	0	0	0	0	1	1	0	1	0	0	0	0	1	0	0	0	0	0	8
313	0	1	0	0	0	0	0	0	1	0	0	0	0	0	1	0	0	0	0	3
314	0	1	0	0	1	0	0	0	0	0	0	0	0	0	0	0	0	0	0	4
315	0	0	0	0	0	0	0	0	1	0	0	0	0	0	0	0	1	0	0	6
316	0	0	0	0	0	1	0	0	1	0	0	0	0	0	0	0	0	0	0	8
317	0	0	0	0	0	0	0	0	1	0	0	0	0	0	0	0	0	0	0	6
318	0	0	0	0	0	0	0	0	1	0	0	0	0	0	0	0	0	1	0	6
319	0	0	0	0	0	1	0	0	0	0	0	0	1	0	1	0	0	0	0	2
320	0	0	0	0	0	0	0	1	0	0	0	0	0	0	0	0	0	0	0	0
321	0	0	0	0	0	1	0	0	0	0	0	0	0	0	0	0	0	0	0	9
322	0	0	0	0	0	0	0	0	0	0	0	0	0	1	0	0	1	0	0	7
323	0	1	0	0	0	0	0	0	0	0	0	0	0	0	0	0	1	0	0	4
324	0	0	0	0	0	0	0	0	0	0	0	0	0	1	0	0	0	0	0	0
325	0	0	0	0	0	0	0	0	1	0	0	0	0	0	0	0	1	0	0	6
326	0	1	0	0	0	0	0	0	1	0	0	0	0	0	0	0	0	1	0	6
327	0	0	0	0	0	0	1	0	1	0	0	0	0	1	0	0	0	0	0	6
328	0	1	0	0	0	0	0	0	0	0	0	0	0	1	1	0	1	0	0	4
329	0	0	0	0	0	0	1	0	1	0	0	0	0	0	0	0	1	0	0	6
330	0	0	0	0	0	0	0	0	1	0	0	0	0	0	0	0	0	0	0	6
331	0	0	1	0	0	0	0	0	0	0	0	0	0	0	0	0	1	0	0	7
332	0	0	0	0	0	0	1	0	1	0	0	0	0	0	0	0	1	0	0	6
333	0	0	0	0	0	0	0	0	0	0	0	0	0	1	0	0	1	0	0	7
334	0	1	0	0	0	0	1	0	0	0	0	0	0	1	0	0	0	0	0	4
335	0	0	0	0	0	1	0	0	0	0	0	0	0	0	0	0	0	0	0	9
336	0	0	0	0	0	0	1	0	0	0	0	0	0	0	0	0	1	0	0	7
337	0	0	0	0	0	1	0	0	1	0	0	0	0	0	0	0	1	0	0	8
338	0	0	0	0	0	1	0	0	0	0	0	0	0	0	0	0	0	0	0	9
339	0	1	0	0	0	0	0	0	1	0	0	0	0	0	0	0	0	0	0	6
340	0	0	0	0	0	0	0	0	1	0	0	0	0	0	0	0	0	0	0	6
341	0	0	0	0	0	1	0	0	0	0	0	0	0	0	0	0	0	0	0	9
342	0	0	0	0	0	1	0	0	0	0	0	0	0	1	0	0	0	0	0	9
343	0	1	0	0	0	0	0	0	0	0	0	1	0	0	0	1	0	0	0	4
344	0	0	0	0	0	0	0	0	1	0	0	0	0	0	0	0	0	0	0	6
345	0	0	0	0	0	1	0	0	1	0	0	0	0	0	0	0	0	0	0	8
346	0	0	0	0	0	0	1	0	1	0	0	0	0	0	0	0	0	0	0	6
347	0	0	0	0	0	1	0	0	1	0	0	0	0	0	0	0	0	0	0	8
348	0	0	0	0	0	0	1	0	1	0	0	0	0	0	0	0	1	0	0	6
349	0	1	0	0	0	0	0	0	0	0	0	0	0	0	0	0	1	0	0	4
350	0	1	0	0	0	0	0	0	0	0	0	0	0	1	0	0	1	0	0	4
351	0	0	0	0	0	0	0	0	0	0	0	1	0	0	0	0	0	0	0	0
352	0	0	0	0	0	1	0	0	0	0	0	0	1	0	0	0	0	0	0	9
353	0	1	0	0	0	0	0	0	0	0	0	1	0	0	0	1	0	0	0	4
354	0	0	0	0	0	1	0	0	0	0	0	0	0	0	1	0	0	0	0	2
355	0	0	1	0	0	0	0	0	0	0	0	0	0	0	0	1	1	0	0	7
356	0	0	0	0	0	0	0	0	1	0	0	0	0	1	0	0	1	0	0	7
357	0	0	0	0	0	0	0	0	1	0	0	0	0	0	0	0	0	0	0	6
358	0	1	1	0	0	0	0	0	0	0	0	0	0	0	0	1	1	0	0	4
359	0	0	0	0	0	0	0	0	0	0	0	0	0	0	0	0	1	0	0	7
360	0	0	0	0	0	0	0	1	0	0	0	0	0	0	0	0	0	0	0	0
361	0	0	0	0	0	0	1	0	0	0	0	0	0	0	0	0	1	0	0	7
362	0	1	0	0	0	1	0	0	0	0	0	0	1	0	0	0	0	0	0	9
363	0	1	0	0	0	0	0	0	0	0	0	0	0	0	0	0	0	0	0	4
364	0	0	0	0	0	1	0	0	0	0	0	0	0	0	0	0	0	0	0	9
365	0	0	0	0	0	0	0	0	1	0	0	0	0	0	0	0	0	0	0	6
366	0	0	0	0	0	0	0	0	1	0	0	0	0	0	0	0	0	0	0	6
367	0	0	0	0	0	1	0	0	0	0	0	0	0	0	0	0	0	0	0	9
368	0	0	0	0	0	1	0	0	0	0	0	0	0	0	0	0	0	0	0	9
369	0	0	0	0	0	1	0	0	0	0	0	0	0	0	0	0	0	0	0	9
370	0	0	0	0	0	0	0	0	1	0	0	0	0	0	0	0	1	0	0	6
371	0	0	0	0	0	0	0	0	1	0	0	0	0	0	1	0	0	0	0	3
372	0	0	0	0	0	1	0	0	0	0	0	0	0	0	0	0	0	0	0	9
373	0	1	1	0	0	0	0	0	0	0	0	0	0	0	0	1	0	0	0	5
374	0	1	0	0	1	0	0	0	0	0	0	0	0	0	0	0	0	0	0	4
375	0	0	0	0	0	0	0	0	1	0	0	0	0	0	0	0	0	0	0	6
376	0	0	0	0	0	1	0	0	0	0	0	0	0	0	0	0	0	0	0	9
377	0	0	0	0	1	1	0	0	0	0	0	0	0	0	0	0	0	0	0	9
378	0	0	0	0	0	0	0	0	1	0	0	0	0	0	0	0	0	0	0	6
379	0	0	0	0	0	0	0	0	0	0	0	1	0	0	0	0	0	0	0	0
380	0	1	1	0	0	0	0	0	0	0	0	0	0	0	0	1	0	0	0	5
381	0	0	0	0	0	1	0	0	0	0	0	0	0	0	1	0	0	0	0	2
382	0	0	0	0	0	1	0	0	1	0	0	0	0	0	0	0	0	0	0	8
383	0	0	0	0	1	1	0	0	0	0	0	0	0	0	0	0	0	0	0	9
384	0	0	0	0	0	1	0	0	0	0	0	0	0	0	0	0	0	0	0	9
385	0	1	1	0	0	1	0	0	0	0	0	0	0	0	1	0	0	0	0	2
386	0	0	0	0	0	1	0	0	0	0	0	0	0	0	0	0	0	0	0	9
387	0	0	0	0	0	0	0	0	1	0	0	0	0	0	0	0	0	0	0	6
388	0	1	0	0	0	1	0	0	0	0	0	0	0	0	0	0	0	0	0	9
389	0	0	1	0	1	0	0	0	0	0	0	0	0	0	0	0	0	0	0	5
390	0	0	0	0	0	1	0	0	0	0	0	0	0	0	0	0	0	0	0	9
391	0	1	0	0	0	1	0	0	0	0	0	0	0	0	0	0	0	0	0	9
392	0	0	0	0	0	0	0	0	1	0	0	0	0	0	0	0	0	0	0	6
393	0	0	0	0	0	1	0	0	0	0	0	0	0	0	0	0	0	0	0	9
394	0	0	0	0	0	1	0	0	0	0	0	0	0	1	1	0	0	0	0	2
395	0	0	0	0	0	1	0	0	0	0	0	0	0	0	0	0	0	0	0	9
396	0	0	0	0	0	1	1	0	0	0	0	1	0	0	0	0	0	0	0	9
397	0	1	0	0	0	0	0	0	0	0	0	0	0	0	0	0	0	0	0	4
398	0	1	1	0	1	0	0	0	0	0	0	0	0	0	0	1	0	0	0	5
399	0	1	1	0	0	1	0	0	0	0	0	0	0	0	0	0	0	0	0	5
400	0	0	0	0	1	1	0	0	0	0	0	0	0	0	0	0	0	0	0	9
401	0	0	0	0	0	1	0	0	0	0	0	0	0	0	0	0	0	0	0	9
402	0	0	0	0	0	1	0	0	0	0	0	0	0	0	1	0	1	0	0	2
403	0	1	1	0	0	0	1	0	1	0	0	0	0	0	0	0	0	0	0	5
404	0	0	0	1	1	0	0	0	0	0	0	0	0	0	0	0	0	0	0	1
405	0	1	1	0	0	0	0	0	0	0	0	0	0	1	0	0	0	0	0	5
406	0	0	0	0	0	0	0	0	0	0	0	1	0	0	0	0	1	0	0	7
407	0	0	0	0	0	1	0	0	0	0	0	0	0	0	0	0	0	0	0	9
408	0	0	0	1	0	1	0	0	0	0	0	0	0	0	0	0	1	0	0	7
409	0	0	0	0	0	1	0	0	1	0	0	0	0	0	0	0	0	0	0	8
410	0	0	0	0	0	1	0	0	0	0	0	0	0	0	0	0	0	0	0	9
411	0	0	0	0	0	1	0	0	0	1	0	0	0	0	1	1	0	0	0	2
412	0	0	0	0	0	1	0	0	0	0	0	0	0	0	0	0	0	0	0	9
413	0	0	0	0	0	0	0	0	0	0	0	1	0	0	0	0	0	0	0	0
414	0	0	0	0	0	1	0	0	0	0	0	0	0	0	0	0	0	0	0	9
415	0	0	0	0	1	1	0	0	0	0	0	0	0	0	0	0	0	0	1	9
416	0	0	0	0	1	0	0	0	1	0	0	0	0	0	0	0	0	0	0	6
417	0	0	0	0	1	0	0	0	1	0	0	0	0	0	0	0	0	0	0	6
418	0	0	0	1	1	0	0	0	0	0	0	0	1	0	0	0	0	0	0	1
419	0	0	0	0	1	1	0	0	0	0	0	0	1	0	0	0	0	0	0	1
420	0	0	0	1	1	0	0	0	0	0	0	0	1	0	0	0	0	0	0	1
421	0	0	0	0	0	0	0	0	1	0	0	0	0	0	1	0	0	0	0	3
422	0	0	0	1	1	1	0	0	0	0	0	0	0	0	0	0	0	0	0	1
423	0	0	0	0	1	0	0	0	1	1	0	0	0	0	0	1	0	0	0	6
424	0	0	0	0	0	0	0	0	0	0	0	1	0	0	0	0	0	0	0	0
425	0	0	0	0	0	1	0	0	0	0	0	0	0	0	0	0	0	0	0	9
426	0	1	0	1	1	0	0	0	0	0	0	0	0	0	0	1	1	1	0	4
427	0	0	0	0	0	0	0	0	1	0	0	0	0	0	0	0	0	0	0	6
428	0	0	0	0	0	1	0	0	0	0	0	0	0	0	0	0	0	0	0	9
429	0	0	0	0	0	0	0	0	1	0	0	0	0	0	0	1	0	0	0	6
430	0	0	0	0	0	1	0	0	0	0	0	0	0	0	0	0	0	1	0	9
431	0	1	1	0	0	0	0	0	0	0	0	0	0	0	0	0	0	0	0	5
432	0	0	0	1	1	0	0	0	0	0	0	0	1	0	0	0	0	0	0	1
433	0	0	0	0	0	1	0	0	0	0	0	0	0	0	0	0	0	0	0	9
434	0	0	0	0	0	0	0	0	0	0	0	0	0	0	0	1	0	0	0	0
435	0	1	0	0	0	1	0	0	0	0	0	0	0	0	0	0	0	0	1	9
436	0	0	0	0	0	0	0	0	0	0	0	1	0	0	0	0	0	0	0	0
437	0	0	0	0	0	0	0	0	0	0	0	1	0	0	0	0	0	0	0	0
438	0	0	0	0	0	0	0	0	0	0	0	1	0	0	0	0	0	0	0	0
439	0	0	0	0	0	0	0	0	0	0	0	1	0	0	0	0	0	0	0	0
440	0	0	0	0	0	0	0	0	0	0	0	1	0	0	0	0	0	0	0	0
441	0	0	0	0	0	0	0	0	0	0	0	1	0	0	0	0	0	0	0	0
442	0	0	0	0	0	0	0	0	0	0	0	1	0	0	0	0	0	0	0	0
443	0	0	0	0	0	0	0	0	0	0	0	1	0	0	0	0	0	0	0	0
444	0	0	0	0	0	0	0	0	0	0	0	1	0	0	0	1	0	0	0	0
445	0	0	0	0	0	0	0	0	0	0	0	1	0	0	0	0	0	0	0	0
446	0	0	0	0	0	0	0	0	0	0	0	1	0	0	0	0	0	0	0	0
447	0	0	0	0	0	0	0	0	0	0	0	1	0	0	0	0	0	0	0	0
448	0	0	0	0	0	0	0	0	0	0	0	1	0	0	0	0	0	0	0	0
449	0	1	1	0	0	0	0	0	0	0	0	0	0	0	0	1	0	0	0	5
450	0	1	1	0	0	0	0	0	0	0	0	0	0	0	0	1	0	0	0	5
451	0	0	0	0	0	1	0	0	0	0	0	0	1	0	1	0	0	0	0	2
452	0	1	0	0	0	0	0	0	0	0	0	1	0	0	0	0	0	0	0	4
453	0	1	0	0	0	0	0	0	0	0	0	1	0	0	0	0	0	0	0	4
454	0	0	0	0	0	0	0	0	1	0	0	0	0	0	0	0	0	0	0	6
455	0	1	0	0	0	0	0	0	0	0	0	0	0	0	0	0	0	0	0	4
456	0	1	0	0	0	1	0	0	0	0	0	0	0	0	0	0	0	0	0	9
457	0	0	1	0	1	0	0	0	1	0	0	0	0	0	0	0	0	0	0	5
458	0	0	0	0	0	0	0	0	1	0	0	0	0	0	0	0	0	0	0	6
459	0	0	0	0	0	0	0	0	1	0	0	0	0	0	0	0	0	0	0	6
460	0	0	0	0	0	0	0	0	1	0	0	0	0	0	0	0	0	0	0	6
461	0	0	0	0	0	0	0	0	1	0	0	0	0	0	0	0	0	0	0	6
462	0	0	0	0	0	0	0	0	1	0	0	0	0	0	1	0	0	0	0	3
463	0	0	1	0	0	0	0	0	0	0	0	0	0	0	0	0	0	0	0	5
464	0	0	0	0	0	0	0	0	1	0	0	0	0	0	0	0	0	0	0	6
465	0	0	1	0	1	0	0	0	0	0	0	0	0	0	1	0	0	0	0	5
466	0	0	0	0	0	0	0	0	0	0	0	0	0	0	0	0	1	0	0	7
467	0	0	0	0	0	0	0	0	1	0	0	0	0	0	0	0	0	0	0	6
468	0	0	0	0	0	0	0	0	1	0	0	0	0	0	0	0	0	0	0	6
469	0	0	0	0	0	0	0	0	1	0	0	0	0	0	0	0	0	0	0	6
470	0	0	0	0	0	0	0	0	0	0	0	0	0	0	0	0	0	0	1	0
471	0	0	0	0	0	0	0	0	1	0	0	0	0	0	0	0	0	1	0	6
472	0	1	1	0	0	0	0	0	0	1	0	0	0	0	0	0	0	0	0	5
473	0	0	0	1	1	0	0	0	0	0	0	0	1	0	0	0	0	0	0	1
474	0	0	0	0	0	0	0	0	0	0	0	0	0	0	0	1	0	1	0	0
475	0	0	0	0	0	0	0	0	1	0	0	0	0	0	0	0	0	0	0	6
476	0	0	0	0	0	1	0	0	0	0	0	0	0	0	0	0	0	0	0	9
477	0	0	0	0	1	1	0	0	0	0	0	0	0	0	0	0	0	0	0	9
478	0	0	0	0	0	1	0	0	0	0	0	0	0	0	1	0	0	0	0	2
479	0	0	0	0	0	0	0	0	0	0	0	0	0	1	0	0	1	0	0	7
480	0	0	0	0	0	1	0	0	0	0	0	0	0	0	0	0	1	0	0	7
481	0	0	0	0	0	1	0	0	1	0	0	0	0	0	0	0	0	0	0	8
482	0	0	0	0	0	1	1	0	0	0	0	0	0	0	0	0	0	0	0	9
483	0	0	0	0	0	0	0	0	1	0	0	0	0	0	1	0	0	1	0	3
484	0	0	0	0	0	0	0	0	0	0	1	0	0	1	0	0	0	0	0	0
485	0	0	0	0	0	0	0	0	0	0	0	0	1	0	1	0	0	0	0	2
486	0	0	0	0	0	1	0	0	0	0	0	0	0	0	1	0	0	0	0	2
487	0	0	0	0	0	1	0	0	0	0	0	0	0	0	1	0	0	0	0	2
488	0	0	0	0	0	0	0	0	0	0	1	0	0	0	0	0	0	0	0	0
489	0	0	0	0	0	0	0	0	0	0	1	0	0	0	1	0	1	0	0	7
490	0	0	0	0	0	1	0	0	0	0	0	0	0	0	1	0	1	0	0	2
491	0	1	1	0	0	0	0	0	0	0	0	0	0	0	0	0	0	0	0	5
492	0	0	0	0	0	0	0	0	1	0	0	0	0	0	0	0	0	0	0	6
493	0	0	0	0	0	0	0	0	0	0	0	0	0	1	0	0	0	0	0	0
494	0	0	0	0	0	1	0	0	0	0	0	0	0	0	0	0	0	0	0	9
495	0	0	1	0	0	1	0	0	0	0	0	0	0	0	0	0	0	0	0	9
496	0	0	0	0	0	0	0	0	1	0	0	0	0	0	0	0	0	0	0	6
497	0	0	0	0	0	1	0	0	0	0	0	0	0	0	0	0	0	0	0	9
498	0	1	1	0	0	0	0	0	0	0	0	0	0	0	1	0	0	1	0	5
499	0	0	0	0	0	0	0	0	1	0	0	0	0	0	0	0	0	0	0	6
500	0	0	1	0	1	0	0	0	0	0	0	0	0	0	0	0	0	0	0	5
501	0	0	0	1	1	0	0	0	0	0	0	0	1	0	0	0	0	0	0	1
502	0	0	0	0	0	1	0	0	0	0	0	0	0	0	0	0	0	1	0	9
503	0	0	0	0	0	0	0	0	1	0	0	0	0	0	0	0	0	0	0	6
504	0	0	0	0	0	0	1	0	1	0	0	0	0	0	0	0	0	0	0	6
505	0	0	0	0	0	0	0	0	0	0	0	0	0	1	0	0	1	0	0	7
506	0	0	0	0	0	0	0	0	1	0	0	0	0	0	0	0	0	0	0	6
507	0	0	0	0	0	0	0	0	1	0	0	0	0	0	0	0	0	0	0	6
508	0	0	0	0	0	0	0	0	1	0	0	0	0	0	0	0	0	0	0	6
509	0	0	0	0	0	0	0	0	1	0	0	0	0	0	0	0	0	0	0	6
510	0	1	0	0	0	0	0	0	1	0	0	0	0	0	0	0	0	0	1	6
511	0	0	1	0	0	0	0	0	0	0	0	0	0	0	0	0	0	1	0	5
512	0	0	0	0	0	1	0	0	1	0	0	0	0	0	1	0	0	0	0	2
513	0	0	0	0	0	0	0	0	0	0	0	0	0	1	0	0	1	0	0	7
514	0	0	0	0	0	1	0	0	0	0	0	0	0	0	1	0	0	0	0	2
515	0	1	0	0	0	0	0	0	1	0	0	0	0	0	0	0	0	1	0	6
516	0	0	0	0	0	1	0	0	0	0	0	0	0	0	0	0	0	0	0	9
517	0	0	0	0	0	1	0	0	1	0	0	0	0	0	1	0	0	0	0	2
518	0	0	0	0	0	0	0	0	1	0	0	0	0	0	0	0	0	0	0	6
519	0	0	1	0	0	0	0	0	0	0	0	0	0	0	0	0	0	0	0	5
520	0	0	1	0	0	0	0	0	0	0	0	0	0	0	0	0	0	1	0	5
521	0	0	0	0	0	0	0	0	1	0	0	0	0	0	0	0	0	1	0	6
522	0	0	0	0	0	1	0	0	1	0	0	0	0	0	0	0	0	0	0	8
523	0	0	0	0	0	1	0	0	1	0	0	0	0	0	0	0	0	0	0	8
524	0	0	0	0	0	1	0	0	0	0	0	0	0	0	0	0	0	0	0	9
525	0	0	0	0	0	0	0	0	0	0	1	0	0	1	0	0	0	0	0	0
526	0	1	1	0	0	0	0	0	1	0	0	0	0	0	0	0	0	0	0	5
527	0	0	0	0	0	0	0	0	1	0	0	0	0	0	0	0	0	0	0	6
528	0	0	0	0	0	0	0	0	1	0	0	0	0	0	0	0	0	1	0	6
529	0	0	0	0	0	0	0	0	1	0	0	0	0	0	0	0	0	0	0	6
530	0	0	1	0	0	0	0	0	0	0	0	0	0	0	0	0	0	0	0	5
531	0	0	0	0	0	0	0	0	1	0	0	0	0	0	1	0	0	0	0	3
532	0	0	0	0	0	0	0	0	0	0	0	0	0	0	1	0	0	0	0	2
533	0	0	0	0	0	0	0	0	0	0	0	0	0	1	0	0	0	0	0	0
534	0	0	0	0	0	0	0	0	1	0	0	0	0	0	0	0	0	0	0	6
535	0	0	0	0	0	1	0	0	0	0	0	0	0	0	1	0	0	0	0	2
536	0	0	0	0	0	0	0	0	1	0	0	0	0	0	0	0	0	0	0	6
537	0	0	0	0	0	0	0	0	1	0	0	0	0	0	0	0	0	0	0	6
538	0	0	0	1	1	0	0	0	0	0	0	0	1	0	0	0	0	0	0	1
539	0	0	0	0	1	1	0	0	0	0	0	0	0	0	0	0	0	0	0	9
540	0	1	0	0	0	0	0	0	0	0	0	0	0	0	0	0	0	0	0	4
541	0	1	1	0	0	0	0	0	0	0	0	0	0	0	0	0	0	0	0	5
542	0	0	0	1	1	0	0	0	0	0	0	0	1	0	1	0	0	0	0	1
543	0	0	0	0	0	0	0	0	1	0	0	0	1	0	0	0	0	0	0	6
544	0	0	0	0	0	0	1	0	1	0	0	0	0	0	1	0	0	0	0	3
545	0	0	0	0	0	1	0	0	0	0	0	0	0	0	1	0	0	0	0	2
546	0	1	0	0	0	0	0	0	0	0	0	0	0	0	0	0	1	0	0	4
547	0	0	0	0	0	0	1	0	0	0	0	0	0	0	0	0	0	0	0	0
548	0	0	0	0	1	0	0	0	0	1	0	0	0	0	0	0	0	0	0	1
549	0	0	0	0	0	0	0	0	1	0	0	0	0	0	1	0	0	1	0	3
550	0	1	0	0	0	0	0	0	0	0	0	0	0	0	0	0	1	0	0	4
551	0	0	0	0	0	0	0	0	0	0	0	1	0	0	0	0	0	0	0	0
552	0	0	0	0	0	0	0	0	0	0	0	0	0	0	0	1	0	0	0	0
553	0	0	0	0	0	0	0	0	1	0	0	0	0	0	1	0	0	0	0	3
554	0	1	1	0	0	0	0	0	0	0	0	0	0	0	0	0	0	0	0	5
555	0	0	0	0	0	0	0	0	1	0	0	0	0	0	0	0	0	0	0	6
556	0	0	0	0	0	0	0	0	0	0	0	0	0	0	0	0	0	0	1	0
557	0	0	0	0	0	0	0	0	1	0	0	0	1	0	0	0	0	0	0	6
558	0	0	0	0	0	0	0	0	1	1	0	0	0	0	0	0	1	0	0	6
559	0	0	0	0	0	0	0	0	1	0	0	1	0	0	0	0	0	0	0	6
560	0	0	1	0	1	1	0	0	0	1	0	0	0	0	1	1	0	0	0	5
561	0	0	0	0	0	0	0	0	1	0	0	1	0	0	0	0	0	0	0	6
562	0	1	1	0	0	0	0	0	0	0	0	0	0	0	0	0	0	0	1	5
563	0	0	0	0	0	0	0	0	0	0	0	1	0	0	0	0	0	0	0	0
564	0	0	0	0	0	1	0	0	0	0	0	1	0	0	0	0	0	0	0	9
565	0	0	0	0	0	0	0	0	0	0	0	1	0	0	0	0	1	0	0	7
566	0	1	1	0	0	0	0	0	0	0	0	0	0	0	0	0	1	0	0	4
567	0	0	0	0	0	0	0	0	0	0	0	1	0	0	0	0	0	0	0	0
568	0	1	0	0	0	0	0	0	0	0	0	0	0	0	1	0	1	0	0	4
569	0	0	0	0	0	0	0	0	1	0	0	1	0	0	0	0	0	0	0	6
570	0	0	0	0	0	0	0	0	0	0	0	0	0	0	0	0	0	0	1	0
571	0	0	0	0	0	1	0	0	0	0	0	0	0	0	0	0	1	0	0	7
572	0	1	0	0	0	0	0	0	0	0	0	0	0	0	0	0	1	0	0	4
573	0	0	0	0	0	0	0	0	0	0	0	1	0	0	0	1	1	0	0	7
574	0	0	0	0	0	0	0	0	0	0	0	0	0	1	1	0	1	0	0	7
575	0	0	0	0	0	1	0	0	0	0	0	0	0	0	0	0	0	0	1	9
576	0	1	1	0	0	0	1	0	0	0	0	0	0	0	0	0	0	0	0	5
577	0	0	0	0	0	1	0	0	0	0	0	0	0	0	0	1	0	0	0	9
578	0	1	0	0	0	0	0	0	0	0	0	0	0	0	0	1	0	0	0	4
579	0	0	0	0	0	1	0	0	0	0	0	0	0	0	0	0	0	0	0	9
580	0	0	0	0	0	1	0	0	0	0	0	0	0	0	1	0	0	0	0	2
581	0	0	0	0	0	0	0	0	1	0	0	0	0	0	0	0	1	0	0	6
582	0	0	0	0	0	0	0	0	1	0	0	0	0	0	1	0	0	0	0	3
583	0	0	0	0	0	0	1	0	0	0	0	0	0	0	0	0	1	0	0	7
584	0	0	0	0	1	0	0	0	1	0	0	0	0	0	0	0	0	0	0	6
585	0	0	0	0	0	1	0	0	0	0	0	0	0	0	0	0	0	0	0	9
586	0	1	0	0	0	0	0	0	0	0	0	0	0	0	0	0	0	0	0	4
587	0	0	0	0	0	0	0	0	1	0	0	0	0	1	0	0	0	0	0	6
588	0	0	0	1	1	0	0	0	0	0	0	0	1	0	0	0	0	0	0	1
589	0	0	0	0	0	0	0	0	0	0	0	0	0	0	0	0	0	0	1	0
590	0	1	0	0	0	0	0	0	0	0	0	1	0	0	0	1	0	0	0	4
591	0	0	0	0	0	0	0	0	1	0	0	0	0	0	0	0	1	0	0	6
592	0	0	0	0	0	0	0	0	0	0	0	0	0	1	0	0	1	0	0	7
593	0	0	0	0	0	0	0	0	0	0	0	0	0	0	0	0	0	1	0	0
594	0	0	0	0	0	0	0	0	1	0	0	0	0	0	1	0	0	0	0	3
595	0	0	0	0	0	0	0	0	0	0	0	0	0	0	0	0	1	0	0	7
596	0	0	0	1	1	0	0	0	0	0	0	0	1	0	0	0	0	0	0	1
597	0	1	0	0	0	0	0	0	0	0	0	0	0	0	0	0	1	0	0	4
598	0	0	0	0	0	1	0	0	1	0	0	0	0	0	0	0	0	0	0	8
599	0	1	0	0	0	0	0	0	0	0	0	0	0	0	0	0	0	0	0	4
600	0	0	0	0	1	0	0	0	0	0	0	0	0	0	0	0	0	0	0	1
601	0	0	1	0	0	0	0	0	0	0	0	0	0	0	0	0	0	1	0	5
602	0	0	0	0	0	0	0	0	0	0	0	0	1	0	1	0	0	0	0	2
603	0	0	0	0	0	0	0	0	0	0	0	0	0	1	0	0	1	0	0	7
604	0	0	0	0	0	1	0	0	0	0	0	0	0	0	0	0	0	0	0	9
605	0	0	0	0	0	0	0	0	0	0	0	0	1	0	0	0	0	0	0	0
606	0	0	0	0	0	0	0	0	1	0	0	0	0	0	0	0	0	0	0	6
607	0	0	0	0	0	0	0	0	0	0	0	0	0	0	1	0	1	0	0	7
608	0	0	0	0	0	0	0	0	0	0	0	0	0	1	1	0	1	0	0	7
609	0	0	0	0	0	1	0	0	0	0	0	0	0	0	0	0	0	0	0	9
610	0	0	0	0	0	0	0	0	0	0	0	0	1	0	0	0	0	0	0	0
611	0	0	0	0	0	0	1	0	0	0	1	0	0	1	0	0	0	0	0	0
612	0	0	0	0	0	0	0	0	1	0	0	0	0	0	0	0	0	0	0	6
613	0	0	0	0	0	1	0	0	0	0	0	0	0	0	0	0	0	0	0	9
614	0	0	0	0	0	0	0	0	1	0	0	0	0	0	0	0	0	0	0	6
615	0	0	0	0	0	0	0	0	0	0	0	0	0	0	0	0	1	0	0	7
616	0	0	0	0	0	0	0	0	0	0	0	1	0	0	0	1	0	0	0	0
617	0	0	0	0	0	0	0	0	1	0	0	0	0	0	0	0	0	0	0	6
618	0	0	0	0	0	0	0	0	1	0	0	0	0	0	0	0	0	0	0	6
619	0	0	0	0	0	0	0	0	1	0	0	0	0	0	0	0	1	0	0	6
620	0	0	0	0	0	0	0	0	1	0	0	0	0	0	0	0	0	0	0	6
621	0	0	0	0	0	0	0	0	0	0	0	0	0	0	0	0	0	0	1	0
622	0	0	1	0	1	0	0	0	0	0	0	0	0	0	0	0	0	0	0	5
623	0	0	0	0	1	1	0	0	0	0	0	0	0	0	0	0	0	0	0	9
624	0	0	0	1	1	0	0	0	0	0	0	0	1	0	0	0	0	0	0	1
625	0	0	0	1	1	0	0	0	0	0	0	0	0	0	0	0	0	0	0	1
626	0	0	0	0	1	0	0	0	1	0	0	0	0	0	0	0	0	0	0	6
627	0	0	0	0	0	0	0	0	1	0	0	0	0	0	0	0	0	0	0	6
628	0	0	0	0	0	0	1	0	1	0	0	0	0	0	0	0	0	0	0	6
629	0	0	0	0	0	1	0	0	0	0	0	0	1	0	0	0	0	0	0	9
630	0	0	0	0	0	1	0	0	0	0	0	0	1	0	0	0	0	0	0	9
631	0	1	0	0	0	0	0	0	1	0	0	0	0	0	1	0	0	1	0	3
632	0	0	0	0	0	0	0	0	1	0	0	0	0	0	0	0	0	0	0	6
633	0	0	0	0	0	0	0	0	1	0	0	0	0	0	0	0	0	0	0	6
634	0	0	0	0	0	0	0	1	0	0	0	0	0	0	0	0	0	0	0	0
635	0	0	0	0	0	0	0	0	0	0	0	1	0	0	0	0	0	0	0	0
636	0	1	1	0	0	0	0	0	0	0	0	0	0	0	0	1	1	0	0	4
637	0	0	0	0	0	1	0	0	0	0	0	1	0	0	0	0	0	0	0	9
638	0	0	0	0	0	0	0	0	1	0	0	0	0	0	0	0	0	0	0	6
639	0	0	0	0	0	0	0	0	1	0	0	0	0	0	0	0	0	0	0	6
640	0	0	0	0	0	0	0	0	1	0	0	0	0	0	0	0	0	0	0	6
641	0	0	0	0	0	0	0	0	1	0	0	0	0	0	0	0	0	1	0	6
642	0	0	0	0	0	0	1	0	1	0	1	0	0	0	0	0	0	0	0	6
643	0	0	0	0	0	0	0	0	1	0	0	0	0	0	1	0	0	0	0	3
644	0	0	0	0	0	0	0	1	0	0	0	0	0	0	0	0	0	0	0	0
645	0	0	0	0	0	0	0	1	0	0	0	0	0	0	0	0	0	0	0	0
646	0	0	0	0	0	0	0	0	0	0	0	0	0	0	0	0	0	0	1	0
647	0	0	0	0	0	0	0	0	1	0	0	0	0	0	0	0	0	1	0	6
648	0	0	0	0	0	1	0	0	0	0	0	0	0	0	1	0	0	0	0	2
649	0	0	0	0	0	0	1	0	1	0	0	0	0	0	0	0	1	0	0	6
650	0	0	0	0	0	0	0	0	1	0	0	0	0	0	0	0	0	0	0	6
651	0	1	0	0	0	0	0	0	1	0	0	0	0	0	0	0	0	1	0	6
652	0	0	0	0	0	1	0	0	1	0	0	0	0	0	0	0	0	0	0	8
653	0	0	0	0	0	0	1	0	0	0	1	0	0	0	0	0	1	0	0	7
654	0	0	0	0	0	0	0	0	0	0	1	0	0	1	0	0	1	0	0	7
655	0	0	1	0	0	1	0	0	1	0	0	0	0	0	0	0	0	0	0	8
656	0	0	0	0	0	0	1	0	0	0	1	0	0	0	0	0	1	0	0	7
657	0	0	0	0	0	0	0	0	0	0	1	0	0	0	0	0	1	0	0	7
658	0	0	0	0	0	0	0	0	1	0	0	0	0	0	0	0	0	0	0	6
659	0	0	0	0	0	1	0	0	0	0	0	0	0	1	0	0	1	0	0	7
660	0	0	0	0	0	0	0	0	1	0	0	0	0	0	0	0	0	0	0	6
661	0	0	0	0	0	0	0	0	0	0	0	0	0	0	0	0	0	0	1	0
662	0	0	0	0	0	0	0	0	1	0	0	0	0	0	1	0	0	0	0	3
663	0	0	0	0	0	1	0	0	0	0	0	0	0	0	0	0	0	0	0	9
664	0	0	0	0	0	0	0	0	1	0	0	0	0	0	0	0	0	0	0	6
665	0	1	0	0	0	0	0	0	0	0	0	1	0	0	0	1	1	0	0	4
666	0	0	0	0	0	0	0	0	0	0	0	1	0	0	0	0	0	0	0	0
667	0	0	0	0	0	0	0	0	0	0	0	1	0	0	0	0	0	0	0	0
668	0	1	0	0	0	0	0	0	0	0	0	1	0	0	0	0	0	0	0	4
669	0	0	0	0	0	0	0	0	0	0	0	1	0	0	0	0	0	0	0	0
670	0	0	0	0	0	0	0	0	0	0	0	1	0	0	0	1	1	0	0	7
671	0	0	0	0	0	0	0	0	0	0	0	1	0	0	0	0	0	0	0	0
672	0	0	0	0	0	0	0	0	0	0	0	1	0	0	0	0	0	0	0	0
673	0	0	0	0	0	0	0	0	0	0	1	0	0	0	0	0	1	0	0	7
674	0	0	0	0	0	0	0	0	0	0	0	1	0	0	0	0	0	0	0	0
675	0	0	0	0	0	0	0	0	0	0	0	1	0	0	0	0	0	0	0	0
676	0	0	0	0	0	0	0	0	1	0	0	0	0	0	0	0	0	0	0	6
677	0	0	0	0	0	0	0	1	0	0	0	0	0	0	0	0	0	0	0	0
678	0	0	0	0	0	0	0	0	1	0	0	0	0	0	0	0	1	0	0	6
679	0	1	1	0	0	0	0	0	0	0	0	0	0	0	0	0	0	0	0	5
680	0	1	1	0	0	0	0	0	0	0	0	0	0	0	0	0	0	0	0	5
681	0	0	0	0	0	0	0	0	0	0	0	1	0	0	0	0	0	0	0	0
682	0	0	0	0	0	0	0	0	0	0	0	1	0	1	0	0	1	0	0	7
683	0	0	0	0	0	1	0	0	0	0	0	0	0	0	0	0	0	0	0	9
684	0	1	0	0	0	0	0	0	0	0	0	0	0	0	0	0	1	0	0	4
685	0	1	0	0	0	0	0	0	0	0	0	0	0	0	0	0	1	0	0	4
686	0	1	0	0	0	0	0	0	1	0	0	0	0	0	0	0	0	0	0	6
687	0	0	0	0	0	1	0	0	0	0	0	0	0	0	0	0	0	1	0	9
688	0	0	0	0	0	1	0	0	0	0	0	0	0	0	0	0	0	0	0	9
689	0	1	0	0	0	0	0	0	0	0	0	0	0	0	0	0	1	0	0	4
690	0	0	0	0	0	0	0	0	1	0	0	0	0	0	0	0	0	1	0	6
691	0	0	0	0	0	0	0	0	0	0	1	0	0	0	0	1	1	0	0	7
692	0	0	0	0	0	1	0	0	1	0	0	0	0	0	1	0	0	0	0	2
693	0	0	0	0	0	0	0	0	1	0	0	0	0	0	0	0	0	0	0	6
694	0	0	0	0	0	0	0	0	0	0	0	0	0	0	1	0	0	0	0	2
695	0	0	0	0	0	1	0	0	1	0	0	0	0	0	0	0	0	0	0	8
696	0	0	0	0	0	0	0	0	1	0	0	0	0	0	0	0	1	0	0	6
697	0	0	0	0	0	0	0	0	1	0	0	0	0	0	0	0	0	0	0	6
698	0	0	0	0	0	0	0	0	1	0	0	0	0	0	0	0	0	0	0	6
699	0	0	0	0	0	0	0	0	1	0	0	0	0	0	0	0	0	0	0	6
700	0	0	0	0	0	1	0	0	0	0	0	0	0	0	0	0	0	0	0	9
701	0	0	0	0	0	0	0	1	0	0	0	0	0	0	0	0	0	0	0	0
702	0	0	0	0	0	1	0	0	0	0	0	0	0	0	1	0	0	0	0	2
703	0	0	0	0	0	0	0	0	1	0	0	0	0	0	0	0	0	0	0	6
704	0	0	0	0	0	0	0	0	1	0	0	0	0	0	1	0	0	0	0	3
705	0	0	0	0	0	0	0	0	0	0	0	0	1	0	1	0	0	0	0	2
706	0	0	0	0	0	0	0	0	0	0	0	1	0	0	0	0	0	0	0	0
707	0	0	0	0	0	0	0	0	1	0	0	0	0	0	0	0	0	0	0	6
708	0	0	0	0	0	0	0	0	1	0	0	0	0	0	0	0	0	0	0	6
709	0	0	0	0	0	1	0	0	0	0	0	0	0	0	1	0	0	0	0	2
710	0	0	0	0	0	1	0	0	0	0	0	0	0	0	0	0	0	0	0	9
711	0	0	0	0	0	0	0	0	1	0	0	0	0	0	0	0	0	0	0	6
712	0	0	0	0	0	1	0	0	1	0	0	0	0	0	0	0	0	0	0	8
713	0	0	0	0	0	0	0	0	1	0	0	0	0	0	0	0	0	0	0	6
714	0	0	0	0	0	0	0	0	1	0	0	0	0	0	1	0	0	0	0	3
715	0	0	0	0	0	1	0	0	1	0	0	0	0	0	0	0	0	0	0	8
716	0	0	0	0	0	0	0	0	1	0	0	0	0	0	1	0	0	0	0	3
717	0	0	0	0	0	0	0	0	1	0	0	0	0	0	0	0	1	0	0	6
718	0	0	0	0	0	1	0	0	0	0	0	0	0	0	0	0	0	0	0	9
719	0	0	0	0	0	1	0	0	0	0	0	0	0	0	0	0	0	1	0	9
720	0	1	1	0	0	0	0	0	1	0	0	0	0	0	1	0	0	0	0	3
721	0	0	0	0	0	1	0	0	0	0	0	0	0	0	0	0	0	0	0	9
722	0	0	0	0	0	1	0	0	0	0	0	0	0	0	0	0	0	0	0	9
723	0	0	0	0	0	1	0	0	1	0	0	0	0	0	0	0	0	0	0	8
724	0	0	0	0	0	0	0	0	1	0	0	0	0	0	1	0	0	0	0	3
725	0	0	0	0	0	1	0	0	0	0	0	0	0	0	0	0	0	0	0	9
726	0	0	0	0	1	0	0	0	1	0	0	0	0	0	0	0	0	0	0	6
727	0	0	0	0	0	0	0	0	1	0	0	0	0	0	1	0	0	0	0	3
728	0	0	0	0	0	1	0	0	0	0	0	0	0	0	0	1	0	0	0	9
729	0	0	0	0	0	0	0	0	1	0	0	0	0	0	0	0	0	0	0	6
730	0	0	0	0	0	0	0	0	1	0	0	0	0	0	1	0	0	0	0	3
731	0	0	0	0	0	1	0	0	1	0	0	0	0	0	1	0	0	0	0	2
732	0	0	0	0	0	1	0	0	0	0	0	0	0	0	1	0	0	0	0	2
733	0	0	0	0	0	0	0	0	1	0	0	0	0	0	1	0	0	0	0	3
734	0	0	0	0	0	1	0	0	0	0	0	0	0	0	0	0	0	0	0	9
735	0	0	0	0	0	0	0	0	1	0	0	0	0	0	0	0	0	0	0	6
736	0	0	0	0	0	0	0	0	1	0	0	0	0	0	1	0	0	0	0	3
737	0	0	0	0	0	1	0	0	1	0	0	0	0	0	0	0	0	0	0	8
738	0	0	0	0	0	1	0	0	0	0	0	0	0	0	1	0	0	0	0	2
739	0	0	0	0	0	1	0	0	0	0	0	0	0	0	1	0	0	0	0	2
740	0	0	0	0	0	0	0	0	1	0	0	0	0	0	1	0	0	0	0	3
741	0	0	0	0	0	0	0	0	1	0	0	0	0	0	0	0	1	0	0	6
742	0	0	0	0	0	0	0	0	1	0	0	0	0	0	0	0	1	0	0	6
743	0	1	0	0	0	0	0	0	0	0	0	0	0	0	0	0	1	0	0	4
744	0	0	0	0	0	0	0	0	1	0	0	0	0	0	0	0	0	1	0	6
745	0	0	0	0	0	1	0	0	0	0	0	0	0	0	0	0	0	0	0	9
746	0	0	0	0	0	1	0	0	0	0	0	0	0	0	0	0	0	0	0	9
747	0	0	0	0	0	1	0	0	0	0	0	0	0	0	1	0	0	0	0	2
748	0	1	0	0	0	0	0	0	0	0	0	0	0	0	1	0	1	0	0	4
749	0	0	0	0	0	1	0	0	0	0	0	0	0	0	1	0	0	0	0	2
750	0	0	0	0	0	0	0	0	1	0	0	0	0	0	0	0	0	0	0	6
751	0	1	0	0	0	0	0	0	0	0	0	0	0	0	1	0	1	0	0	4
752	0	1	0	0	0	0	0	0	0	0	0	0	0	0	0	0	1	0	0	4
753	0	0	0	0	0	0	0	0	1	0	0	0	0	0	0	0	0	0	0	6
754	0	0	0	0	0	0	1	0	0	0	0	0	0	0	0	0	1	0	0	7
755	0	1	1	0	1	0	0	0	0	1	0	0	0	0	0	1	0	0	0	5
756	0	0	0	0	0	1	0	0	0	0	0	0	0	0	0	0	0	0	0	9
757	0	0	0	0	0	0	0	1	0	0	0	0	0	0	0	0	0	0	0	0
758	0	0	0	0	0	0	0	0	0	0	0	0	0	0	0	1	1	0	0	7
759	0	1	0	0	0	0	0	0	0	0	0	0	0	0	0	0	0	0	0	4
760	0	0	0	0	0	0	0	0	0	0	0	0	0	0	0	1	0	0	0	0
761	0	1	0	0	0	0	0	0	0	0	0	0	0	0	0	0	1	0	0	4
762	0	0	0	0	0	0	0	0	1	0	0	0	0	0	0	0	0	0	0	6
763	0	0	0	0	0	1	0	0	0	0	0	0	0	0	0	0	0	0	0	9
764	0	0	0	0	0	1	0	0	0	0	0	0	0	0	1	0	0	0	0	2
765	0	0	0	0	0	1	0	0	0	0	0	0	0	0	1	0	0	0	0	2
766	0	0	0	0	0	0	0	1	0	0	0	0	0	0	0	0	0	0	0	0
767	0	0	0	0	0	0	0	0	0	0	0	1	0	0	0	0	0	0	0	0
768	0	0	1	0	1	0	0	0	0	0	0	0	0	0	0	0	0	0	0	5
769	0	1	1	0	0	0	0	0	0	0	0	0	0	1	0	1	0	0	0	5
770	0	0	0	0	0	0	1	0	0	0	1	0	0	1	0	0	1	0	0	7
771	0	1	0	0	0	0	0	0	0	0	0	0	0	0	0	1	1	0	0	4
772	0	0	0	0	0	0	0	0	1	0	0	0	0	0	0	0	0	0	0	6
773	0	0	0	0	0	0	0	0	0	0	0	0	0	0	0	0	1	0	0	7
774	0	0	0	0	0	0	0	0	0	0	0	1	0	0	0	0	0	0	0	0
775	0	0	0	0	0	1	0	0	1	0	0	0	0	0	1	0	0	0	0	2
776	0	0	0	0	0	0	0	0	1	0	0	0	0	0	0	0	0	0	0	6
777	0	0	0	0	0	0	0	0	0	0	0	1	0	0	0	0	0	0	0	0
778	0	0	0	0	0	1	0	0	1	0	0	0	0	0	1	0	0	0	0	2
779	0	1	0	0	0	0	0	0	0	0	0	0	0	0	0	0	0	0	0	4
780	0	0	0	0	0	1	0	0	0	0	0	0	0	0	0	0	0	0	0	9
781	0	0	0	0	0	1	0	0	0	0	0	0	0	0	1	0	0	0	0	2
782	0	0	0	0	0	0	0	0	1	0	0	0	0	0	0	0	0	0	0	6
783	0	0	0	0	0	1	0	0	0	0	0	0	0	0	1	0	0	0	0	2
784	0	0	0	0	0	0	0	0	1	0	0	1	0	0	0	0	0	0	0	6
785	0	0	0	0	0	1	0	0	0	0	0	0	0	0	1	0	0	0	0	2
786	0	0	0	0	0	1	0	0	0	0	0	0	0	0	1	0	0	0	0	2
787	0	0	0	0	0	1	0	0	1	0	0	0	0	0	0	0	0	0	0	8
788	0	0	0	0	0	0	0	0	0	0	0	1	0	0	0	0	1	0	0	7
789	0	0	0	0	0	1	0	0	1	0	0	0	0	0	0	0	0	0	0	8
790	0	0	0	0	0	1	0	0	0	0	0	0	0	0	0	0	0	0	0	9
791	0	0	0	0	1	0	0	0	0	0	0	0	0	0	0	0	0	0	0	1
792	0	0	0	0	0	1	0	0	0	0	0	0	0	0	0	0	0	0	0	9
793	0	0	0	0	0	1	0	0	0	0	0	0	0	0	0	0	0	0	0	9
794	0	0	0	0	0	0	0	0	1	0	0	0	0	0	1	0	0	0	0	3
795	0	0	0	0	1	1	0	0	0	0	0	0	0	0	0	0	0	0	0	9
796	0	0	0	0	0	1	0	0	0	0	0	0	0	0	1	0	0	0	0	2
797	0	1	0	0	0	0	0	0	0	0	0	0	0	0	0	1	0	0	0	4
798	0	1	0	0	0	0	0	0	0	0	0	0	0	0	0	0	0	0	0	4
799	0	0	0	0	0	0	0	0	1	0	0	0	0	0	0	0	0	0	0	6
800	0	0	0	0	0	0	0	0	0	0	0	1	0	0	0	0	1	0	0	7
801	0	0	0	0	0	1	0	0	0	0	0	0	0	0	0	0	0	0	0	9
802	0	1	1	0	0	0	1	0	0	0	0	0	0	0	0	0	1	0	0	4
803	0	1	0	0	0	0	0	0	1	0	0	0	0	0	0	0	0	1	0	6
804	0	0	0	0	0	1	0	0	0	0	0	0	0	0	0	0	0	0	0	9
805	0	0	0	0	0	1	0	0	0	0	0	0	0	1	0	0	0	0	0	9
806	0	1	0	0	0	0	1	0	1	0	0	0	0	0	0	0	0	0	0	6
807	0	0	0	0	0	0	0	0	1	0	0	0	0	0	0	0	0	0	0	6
808	0	1	0	0	0	0	0	0	1	0	0	0	0	0	0	0	0	0	0	6
809	0	1	0	0	0	0	0	0	1	0	0	0	0	1	0	0	0	0	0	6
810	0	1	0	0	0	0	0	0	0	0	0	0	0	0	0	0	0	0	0	4
811	0	0	0	0	0	0	0	1	0	0	0	0	0	0	0	0	0	0	0	0
812	0	0	1	0	1	0	0	0	0	0	0	0	0	0	0	0	0	0	0	5
813	0	0	0	0	0	0	0	1	0	0	0	0	0	0	0	0	0	0	0	0
814	0	0	0	0	0	0	0	1	0	0	0	0	0	0	0	0	0	0	0	0
815	0	0	0	0	0	0	0	0	1	0	0	0	0	0	1	0	0	0	0	3
816	0	0	0	0	0	0	0	0	0	0	0	1	0	0	0	0	0	0	0	0
817	0	0	0	0	0	0	0	0	1	0	0	0	0	0	0	0	0	0	0	6
818	0	0	0	0	0	1	0	0	0	0	0	0	0	0	0	0	0	0	0	9
819	0	0	0	0	0	1	0	0	0	0	0	0	0	0	0	0	0	0	0	9
820	0	0	1	1	1	1	0	0	0	1	0	0	0	0	0	0	0	0	0	1
821	0	0	0	0	0	1	0	0	0	0	0	0	0	0	1	0	0	0	0	2
822	0	0	0	0	0	0	0	0	1	0	0	0	0	0	0	0	0	0	0	6
823	0	0	0	0	0	0	1	0	0	0	1	0	0	0	0	0	1	0	0	7
824	0	0	0	0	0	1	0	0	0	0	0	0	0	0	0	0	0	0	0	9
825	0	1	0	0	0	0	0	0	0	0	0	0	0	0	0	1	1	0	0	4
826	0	0	1	0	0	0	0	0	0	0	0	0	0	0	0	0	0	0	0	5
827	0	1	1	0	0	0	0	0	0	0	0	0	0	0	0	0	1	0	0	4
828	0	0	1	0	1	0	0	0	0	0	0	0	0	0	0	0	0	0	0	5
829	0	1	1	0	0	0	0	0	0	0	0	0	0	0	0	0	0	0	0	5
830	0	1	0	0	0	0	0	0	0	0	0	0	0	1	0	0	1	0	0	4
831	0	1	1	0	0	0	0	0	0	0	0	0	0	0	0	1	1	0	0	4
832	0	0	0	0	1	0	0	0	1	1	0	0	0	0	0	0	0	0	0	6
833	0	1	0	0	0	0	0	0	0	0	0	0	0	0	0	0	0	0	0	4
834	0	0	0	0	0	0	0	0	0	0	0	1	0	0	0	0	1	0	0	7
835	0	0	0	0	0	1	0	0	0	0	0	0	1	0	1	0	0	0	0	2
836	0	0	0	0	0	1	0	0	0	0	0	0	0	0	1	0	0	0	0	2
837	0	0	0	0	0	0	0	0	1	0	0	0	0	0	0	0	0	0	0	6
838	0	1	0	0	0	0	0	0	0	0	0	0	0	0	0	0	0	0	0	4
839	0	0	0	0	0	0	0	0	0	0	0	1	0	0	0	0	1	0	0	7
840	0	1	0	0	0	0	0	0	1	0	0	0	0	0	0	0	0	0	1	6
841	0	1	0	0	0	0	0	0	0	0	0	0	0	0	0	0	1	0	0	4
842	0	0	0	0	1	1	0	0	1	0	0	0	0	0	0	0	0	0	0	8
843	0	0	0	0	1	1	0	0	0	0	0	0	0	0	0	0	0	0	0	9
844	0	0	0	0	0	0	1	0	0	0	0	0	0	0	0	0	0	0	0	0
845	0	0	0	0	0	1	0	0	0	0	0	0	0	0	0	0	0	0	0	9
846	0	0	0	0	0	0	0	0	1	0	0	0	0	0	1	0	0	0	0	3
847	0	0	0	0	0	0	0	1	1	0	0	0	0	0	0	0	0	0	0	6
848	0	0	0	0	0	0	0	0	0	0	1	0	0	0	0	0	1	0	0	7
849	0	1	0	0	0	0	0	0	0	0	0	0	0	0	1	0	0	0	0	4
850	0	0	0	0	0	0	0	1	0	0	0	0	0	0	0	0	0	0	0	0
851	0	0	0	0	0	0	0	0	1	0	0	0	0	0	0	0	0	0	0	6
852	0	0	0	0	0	0	0	0	1	0	0	0	0	0	0	0	1	0	0	6
853	0	0	0	0	0	1	0	0	0	0	0	1	0	0	0	0	0	0	0	9
854	0	0	0	0	0	1	0	0	0	0	0	1	0	0	0	0	0	0	0	9
855	0	1	0	0	0	0	0	0	1	0	0	0	0	1	1	0	1	0	0	3
856	0	0	0	0	0	1	0	0	1	0	0	0	0	0	0	0	0	0	0	8
857	0	0	0	0	0	0	0	1	0	0	0	0	0	0	0	0	0	0	0	0
858	0	0	0	0	0	0	0	0	0	0	0	1	0	0	0	0	0	0	0	0
859	0	0	0	0	0	1	0	0	0	0	0	1	0	0	0	0	0	0	0	9
860	0	0	0	0	0	0	0	0	0	0	0	1	0	0	0	0	1	0	0	7
861	0	0	0	0	0	0	0	0	0	0	0	1	0	0	0	0	0	0	0	0
862	0	0	1	0	1	1	0	0	0	0	0	0	0	0	0	0	0	0	0	5
863	0	0	0	0	0	0	0	0	1	0	0	0	0	0	0	0	0	0	0	6
864	0	0	0	0	0	1	0	0	0	0	0	0	0	0	0	0	0	0	0	9
865	0	0	0	0	0	0	0	0	1	0	0	0	0	0	0	0	0	0	0	6
866	0	0	0	0	0	1	0	0	0	0	0	0	0	0	1	0	0	0	0	2
867	0	0	0	0	0	0	0	0	1	0	0	0	0	0	0	0	0	0	0	6
868	0	0	0	0	0	0	0	0	1	0	0	0	0	0	0	0	0	0	0	6
869	0	0	0	0	0	1	0	0	0	0	0	0	0	0	1	0	0	0	0	2
870	0	0	0	0	0	0	0	0	0	0	0	0	0	0	1	0	0	0	0	2
871	0	0	0	0	0	1	0	0	0	0	0	0	0	0	0	0	0	0	0	9
872	0	0	0	0	0	0	0	0	0	0	0	0	0	0	1	0	0	0	0	2
873	0	0	0	0	0	1	0	0	0	0	0	0	0	0	1	0	0	0	0	2
874	0	0	0	0	0	0	0	0	1	0	0	0	0	0	0	0	0	0	0	6
875	0	0	0	0	0	0	0	0	1	0	0	0	0	0	1	0	0	0	0	3
876	0	1	0	0	0	1	0	0	0	0	0	0	0	0	0	0	0	0	0	9
877	0	0	1	0	0	0	0	0	0	0	0	0	0	0	1	0	0	0	0	5
878	0	0	0	0	1	1	0	0	0	0	0	0	0	1	0	0	0	0	0	9
879	0	1	0	0	0	0	0	0	0	0	0	0	0	0	0	0	1	1	0	4
880	0	0	0	0	0	0	0	0	1	0	0	0	0	0	0	0	0	0	0	6
881	0	1	0	0	0	1	0	0	0	0	0	0	0	0	0	0	0	0	0	9
882	0	0	0	0	0	0	0	0	1	0	0	0	0	0	0	0	0	0	0	6
883	0	0	0	0	0	0	0	0	1	0	0	0	0	0	0	0	0	0	0	6
884	0	0	0	0	0	0	0	1	0	0	0	0	0	0	0	0	0	0	0	0
885	0	0	0	0	0	0	0	0	0	0	0	1	0	0	0	0	0	0	0	0
886	0	0	0	0	0	0	0	0	0	0	0	0	0	0	1	0	1	0	0	7
887	0	0	0	0	0	0	0	0	1	0	0	0	0	0	0	0	0	0	0	6
888	0	0	0	0	0	0	0	0	1	0	0	0	0	0	0	0	0	0	0	6
889	0	0	0	0	0	0	0	0	0	0	0	0	0	0	1	0	0	0	0	2
890	0	1	1	0	0	0	0	0	0	0	0	0	0	0	0	0	0	0	0	5
891	0	0	0	0	0	0	0	0	1	0	0	0	0	0	0	0	0	1	0	6
892	0	0	0	0	1	1	0	0	0	1	0	0	0	0	0	0	0	0	0	9
893	0	0	0	0	0	1	0	0	0	0	0	0	0	0	0	0	0	0	0	9
894	0	0	0	0	1	1	0	0	0	0	0	0	0	0	0	0	0	0	0	9
895	0	0	0	0	0	0	0	0	0	0	0	1	0	0	0	0	1	0	0	7
896	0	0	0	0	0	0	0	0	1	0	0	0	0	0	0	0	0	0	0	6
897	0	1	1	0	0	0	0	0	0	0	0	0	0	0	0	1	0	0	0	5
898	0	0	0	0	0	0	0	0	1	0	0	0	0	0	0	0	0	0	0	6
899	0	0	0	0	0	0	0	0	1	0	0	0	0	0	0	0	0	0	0	6
900	0	0	0	0	0	0	0	0	1	0	0	0	0	0	0	0	0	0	0	6
901	0	0	0	0	0	1	0	0	0	0	0	0	0	0	0	0	0	0	0	9
902	0	0	0	0	0	1	1	0	0	0	0	0	0	1	0	0	1	0	0	7
903	0	0	0	0	0	0	0	0	1	0	0	0	0	0	1	0	0	0	0	3
904	0	0	0	0	0	1	0	0	1	0	0	0	0	0	0	0	0	0	0	8
905	0	0	0	0	0	0	0	0	1	0	0	0	0	0	1	0	0	0	0	3
906	0	0	0	0	0	0	0	0	1	0	0	0	0	0	1	0	0	0	0	3
907	0	0	0	0	0	1	0	0	0	0	0	0	0	0	0	0	0	0	0	9
908	0	0	0	0	0	1	0	0	0	0	0	0	0	0	0	0	0	0	0	9
909	0	0	0	0	0	0	0	0	1	0	0	0	0	0	0	0	0	0	0	6
910	0	0	0	0	0	0	0	0	1	0	0	0	0	0	0	0	0	0	0	6
911	0	0	0	0	0	0	1	0	1	0	0	0	0	0	0	0	0	0	0	6
912	0	1	0	0	0	0	0	0	0	0	0	0	0	0	0	0	1	0	0	4
913	0	0	0	0	0	1	0	0	0	0	0	0	0	0	0	0	0	0	0	9
914	0	0	0	0	0	0	1	0	1	0	0	0	0	1	0	0	1	0	0	7
915	0	0	0	0	0	0	0	0	1	0	0	0	0	0	0	0	0	0	0	6
916	0	1	0	0	0	0	0	0	0	0	0	0	0	0	0	1	1	0	0	4
917	0	1	0	0	0	0	0	0	1	0	0	0	0	0	0	0	1	0	0	4
918	0	0	0	0	0	0	0	0	0	0	0	0	0	0	1	0	0	0	0	2
919	0	0	1	0	0	0	0	0	0	0	0	0	0	0	0	1	0	0	0	5
920	0	0	0	0	0	0	0	0	1	0	0	0	0	0	0	0	0	0	0	6
921	0	0	0	0	0	0	0	0	1	0	0	0	0	0	1	0	0	0	0	3
922	0	0	0	0	0	0	0	0	0	0	0	0	0	0	0	0	0	0	1	0
923	0	0	0	0	0	0	0	0	1	0	0	0	0	0	0	0	0	0	0	6
924	0	0	1	0	0	0	0	0	1	0	0	0	0	0	0	0	0	0	0	6
925	0	0	0	0	0	0	0	0	0	0	0	0	0	0	0	1	1	0	0	7
926	0	0	0	0	0	1	0	0	0	0	0	0	0	0	0	0	0	0	0	9
927	0	0	0	0	0	0	0	0	1	0	0	0	0	0	0	0	0	0	0	6
928	0	0	0	0	0	0	0	0	1	0	0	1	0	0	0	0	0	0	0	6
929	0	0	0	0	1	1	0	0	0	0	0	0	0	0	0	0	0	0	0	9
930	0	1	1	0	0	0	0	0	0	0	0	0	0	0	0	0	1	0	0	4
931	0	0	0	0	0	0	0	0	0	0	0	0	0	0	0	1	1	0	0	7
932	0	0	0	0	1	1	0	0	0	0	0	0	0	0	0	0	0	0	0	9
933	0	0	0	0	0	0	0	0	1	0	0	0	0	0	0	0	0	0	0	6
934	0	0	0	0	0	0	0	0	1	0	0	0	0	0	0	0	0	0	0	6
935	0	0	0	0	0	0	0	0	1	0	0	0	0	0	0	0	0	1	0	6
936	0	0	0	0	0	1	0	0	1	0	0	0	0	0	1	0	0	0	0	2
937	0	0	0	0	0	0	0	0	1	0	0	0	0	0	0	0	0	0	0	6
938	0	0	0	0	0	1	0	0	0	0	0	0	0	0	1	0	0	0	0	2
939	0	0	0	0	0	0	0	0	1	0	0	0	0	0	0	0	1	0	0	6
940	0	0	0	0	0	1	0	0	0	0	0	0	0	0	0	0	0	0	0	9
941	0	0	0	0	0	1	0	0	1	0	0	0	0	0	0	0	0	0	0	8
942	0	0	0	0	0	0	0	0	1	0	0	0	0	0	0	0	0	0	0	6
943	0	0	0	0	0	0	0	0	0	0	0	0	0	0	0	0	1	0	0	7
944	0	0	0	0	0	1	0	0	1	0	0	0	0	0	0	0	0	1	0	8
945	0	0	0	0	0	1	0	0	0	0	0	0	0	1	1	0	1	0	0	2
946	0	0	0	1	1	0	0	0	0	0	0	0	0	0	0	0	0	0	0	1
947	0	0	1	0	0	0	0	0	0	0	0	0	0	0	1	0	0	0	0	5
948	0	0	0	0	0	1	0	0	0	0	0	0	0	0	1	0	0	0	0	2
949	0	0	0	0	0	0	0	0	1	0	0	0	0	0	1	0	0	0	0	3
950	0	0	0	0	0	0	0	0	1	0	0	0	0	0	0	0	0	0	0	6
951	0	0	1	0	1	0	0	0	0	1	0	0	0	0	0	0	0	0	0	5
952	0	0	0	0	0	1	0	0	0	0	0	0	0	0	0	0	0	0	0	9
953	0	0	0	0	0	1	0	0	1	0	0	0	0	0	0	0	0	0	0	8
954	0	0	0	0	0	0	0	1	0	0	0	0	0	0	0	0	0	0	0	0
955	0	0	0	0	0	0	0	0	1	0	0	0	0	0	1	0	0	0	0	3
956	0	0	0	0	0	0	0	0	1	0	0	0	0	0	0	0	0	0	0	6
957	0	0	0	0	0	1	0	0	0	0	0	0	0	0	0	0	0	0	0	9
958	0	0	0	0	0	0	0	0	1	0	0	0	0	0	0	0	0	0	0	6
959	0	0	0	0	0	1	0	0	0	0	0	0	0	0	0	0	0	0	0	9
960	0	0	0	0	0	0	0	0	1	0	0	0	0	0	0	0	0	0	0	6
961	0	0	0	0	0	0	0	0	1	0	0	0	0	0	0	0	0	0	0	6
962	0	0	0	0	0	0	0	0	1	0	0	0	0	0	0	0	0	0	0	6
963	0	0	0	0	0	0	0	0	1	0	0	0	0	0	0	0	1	0	0	6
964	0	0	0	0	0	1	0	0	1	0	0	0	0	0	0	0	0	0	0	8
965	0	0	0	0	0	1	0	0	0	0	0	0	1	0	0	0	0	0	0	9
966	0	0	0	0	0	0	0	0	0	0	0	0	0	0	1	0	0	0	0	2
967	0	0	0	0	0	0	0	0	1	0	0	0	0	0	0	0	0	0	0	6
968	0	0	0	0	0	0	0	0	0	0	0	0	1	0	0	0	0	0	0	0
969	0	0	0	1	1	0	0	0	0	0	0	0	0	0	0	0	0	0	0	1
970	0	0	0	0	0	1	0	0	0	0	0	0	0	0	0	0	0	0	0	9
971	0	0	0	0	0	1	0	0	0	0	0	0	0	0	0	0	0	1	0	9
972	0	0	0	0	0	0	0	0	1	0	0	0	0	0	0	0	0	0	0	6
973	0	0	0	0	0	0	0	1	0	0	0	0	0	0	0	0	0	0	0	0
974	0	0	0	0	0	0	0	0	1	0	0	0	0	0	0	0	1	0	0	6
975	0	0	0	0	0	0	0	0	0	0	0	0	0	0	0	0	1	0	0	7
976	0	1	0	0	0	0	0	0	0	0	0	0	0	0	0	1	1	0	0	4
977	0	1	0	0	0	0	0	0	0	0	0	0	0	0	0	0	0	0	0	4
978	0	0	0	0	0	0	0	0	0	0	0	0	0	1	0	0	1	0	0	7
979	0	0	0	0	0	0	0	0	1	0	0	0	0	0	0	0	1	0	0	6
980	0	0	0	0	0	0	0	0	1	0	0	0	0	0	0	0	0	0	0	6
981	0	0	0	0	0	0	0	0	1	0	0	0	0	0	0	0	0	0	0	6
982	0	1	1	0	0	0	0	0	0	0	0	0	0	0	0	0	1	0	0	4
983	0	0	0	0	0	0	0	0	0	0	0	0	0	0	0	0	1	0	0	7
984	0	0	0	0	0	0	0	0	0	0	0	0	0	0	0	0	1	0	0	7
985	0	0	0	0	0	0	0	0	1	0	0	0	0	0	0	0	0	0	0	6
986	0	0	0	0	0	0	0	0	0	0	0	0	0	0	0	0	1	0	0	7
987	0	0	0	0	0	0	0	0	0	0	0	0	0	0	0	0	1	0	0	7
988	0	0	0	0	0	1	0	0	0	0	0	0	0	0	1	0	0	0	0	2
989	0	0	0	1	1	0	0	0	0	0	0	0	1	0	0	0	0	0	0	1
990	0	0	0	0	0	0	0	0	1	0	0	0	0	0	1	0	0	0	0	3
991	0	0	0	0	0	0	1	0	0	0	0	0	0	0	0	0	0	0	0	0
992	0	0	0	0	0	1	0	0	0	0	0	0	0	0	0	0	1	0	0	7
993	0	0	1	1	1	1	0	0	0	0	0	0	1	0	0	0	0	0	0	1
994	0	0	0	0	0	0	0	0	1	0	0	0	0	0	0	0	0	0	0	6
995	0	0	0	0	0	1	0	0	0	0	0	0	0	0	0	0	0	0	0	9
996	0	0	0	0	1	1	0	0	0	0	0	0	0	0	0	0	0	0	0	9
997	0	0	0	0	0	1	0	0	0	0	0	0	0	0	0	0	0	0	0	9
998	0	0	0	0	0	1	0	0	0	0	0	0	0	0	0	0	0	0	0	9
999	0	0	0	0	0	1	0	0	0	0	0	0	0	0	0	0	0	0	0	9
1000	0	0	0	0	0	1	0	0	0	0	0	0	0	0	0	0	0	0	1	9
1001	0	0	0	0	0	1	0	0	0	0	0	0	0	0	0	0	0	0	0	9
1002	0	0	0	0	0	1	0	0	0	0	0	0	0	0	0	0	0	0	0	9
1003	0	0	0	0	1	1	0	0	0	0	0	0	0	1	0	0	0	0	0	9
1004	0	0	0	0	0	0	0	0	1	0	0	0	0	0	0	0	0	0	1	6
1005	0	0	0	0	0	0	0	0	1	0	0	0	0	0	0	0	0	0	0	6
1006	0	0	0	0	0	0	0	0	1	0	0	0	0	0	0	1	0	0	0	6
1007	0	0	0	0	0	1	0	0	0	0	0	0	0	0	0	0	0	0	0	9
1008	0	0	0	0	0	0	0	0	1	0	0	0	0	0	0	0	0	0	0	6
1009	0	0	0	0	0	0	0	0	1	0	0	0	0	0	0	0	0	0	0	6
1010	0	0	0	0	0	0	0	0	1	0	0	0	0	0	0	0	0	0	0	6
1011	0	0	0	0	0	0	1	0	0	0	0	0	0	0	0	0	0	0	0	0
1012	0	0	0	0	0	1	0	0	1	0	0	0	0	0	0	0	0	0	0	8
1013	0	1	1	0	0	0	0	0	0	0	0	0	0	0	0	0	1	0	0	4
1014	0	0	0	0	0	1	0	0	0	0	0	0	0	0	0	0	0	0	0	9
1015	0	0	0	0	1	0	0	0	1	0	0	0	0	0	0	0	0	0	0	6
1016	0	1	1	0	0	0	0	0	0	0	0	0	0	0	0	0	1	0	0	4
1017	0	0	0	0	0	0	0	0	1	0	0	0	0	0	0	0	0	0	0	6
1018	0	0	0	0	0	0	0	0	1	0	0	0	0	0	0	0	0	0	0	6
1019	0	1	0	0	0	0	0	0	0	0	0	0	0	0	0	0	1	0	0	4
1020	0	0	0	0	0	0	0	0	0	0	0	0	0	1	0	0	1	0	0	7
1021	0	0	0	0	0	0	0	0	1	0	0	0	0	0	0	0	0	0	0	6
1022	0	0	0	0	0	0	0	1	0	0	0	0	0	0	0	0	0	0	0	0
1023	0	0	0	0	0	1	0	0	0	0	0	0	0	0	0	0	0	0	0	9
1024	0	0	0	0	0	0	0	0	0	0	0	0	0	0	1	0	0	0	0	2
1025	0	1	0	0	0	0	0	0	1	0	0	0	0	0	0	0	1	0	0	4
1026	0	0	0	0	0	1	0	0	1	0	0	0	0	0	0	0	0	0	0	8
1027	0	1	0	0	0	0	0	0	0	0	0	0	0	0	0	0	0	0	0	4
1028	0	0	0	0	0	1	0	0	0	0	0	0	0	0	1	0	0	0	0	2
1029	0	0	0	0	0	1	0	0	0	0	0	0	0	0	0	0	0	0	0	9
1030	0	0	0	0	0	1	0	0	0	0	0	0	0	0	0	0	0	0	0	9
1031	0	0	1	0	1	0	0	0	0	0	0	0	0	0	0	0	0	0	0	5
1032	0	0	0	0	1	1	0	0	0	0	0	0	0	0	0	0	0	0	0	9
1033	0	0	1	0	1	0	0	0	0	0	0	0	0	0	0	0	0	0	0	5
1034	0	1	1	0	0	0	0	0	0	0	0	0	0	0	0	0	0	0	0	5
1035	0	0	0	0	0	1	0	0	0	0	0	0	0	0	0	0	0	0	0	9
1036	0	0	0	0	0	1	0	0	0	1	0	0	0	0	0	0	0	0	0	9
1037	0	0	0	0	0	1	0	0	0	0	0	0	1	0	1	0	0	0	0	2
1038	0	0	0	0	0	0	0	0	0	0	0	0	0	0	0	0	1	0	0	7
1039	0	0	0	0	0	0	0	0	1	0	0	0	0	0	0	0	0	0	0	6
1040	0	0	0	0	0	1	0	0	0	0	0	0	0	0	1	0	0	0	0	2
1041	0	0	0	0	0	1	0	0	0	0	0	0	0	0	1	0	0	0	0	2
1042	0	0	0	0	0	0	0	0	0	0	0	0	0	1	0	0	1	0	0	7
1043	0	0	0	0	0	1	0	0	0	0	0	0	0	0	0	0	0	0	0	9
1044	0	0	0	0	0	1	0	0	1	0	0	0	0	0	0	0	0	0	0	8
1045	0	0	0	0	0	0	0	0	1	0	0	0	0	0	0	0	0	0	0	6
1046	0	0	0	0	0	0	0	0	0	0	0	0	0	0	0	0	1	0	0	7
1047	0	0	0	0	0	1	0	0	0	0	0	0	0	0	0	0	0	0	0	9
1048	0	0	0	0	0	1	0	0	0	0	0	0	0	0	1	0	0	0	0	2
1049	0	0	0	0	0	1	0	0	0	0	0	0	0	0	0	0	0	0	0	9
1050	0	0	0	0	0	0	0	0	1	0	0	0	0	0	1	0	0	0	0	3
1051	0	0	0	0	0	1	0	0	0	0	0	0	0	0	0	0	0	0	0	9
1052	0	0	0	0	0	1	0	0	0	0	0	1	0	0	0	0	0	0	0	9
1053	0	0	0	0	0	0	0	0	1	0	0	0	0	0	0	0	0	0	0	6
1054	0	0	0	0	0	1	0	0	0	0	0	0	0	0	0	0	0	0	0	9
1055	0	0	0	0	0	0	0	0	1	0	0	0	0	0	0	0	0	0	0	6
1056	0	0	0	0	0	0	0	0	0	0	0	1	0	0	0	0	0	0	0	0
1057	0	0	0	0	0	1	0	0	0	0	0	0	0	0	0	0	0	0	0	9
1058	0	0	1	0	0	0	0	0	1	0	0	0	0	0	0	0	0	0	0	6
1059	0	0	0	0	0	1	0	0	0	0	0	0	0	0	0	0	0	0	0	9
1060	0	0	1	0	1	0	0	0	0	0	0	0	0	0	0	0	0	0	0	5
1061	0	0	0	0	0	1	0	0	1	0	0	0	0	0	0	0	0	0	0	8
1062	0	0	0	0	0	0	0	0	1	0	0	0	0	0	0	0	0	0	0	6
1063	0	0	0	0	1	0	0	0	1	0	0	0	0	0	0	0	0	0	0	6
1064	0	0	0	0	0	0	1	0	0	0	1	0	0	0	0	0	0	0	0	0
1065	0	0	0	0	0	0	0	1	0	0	0	0	0	0	0	0	0	1	0	0
1066	0	0	0	1	1	0	0	0	0	0	0	0	0	0	0	0	0	0	0	1
1067	0	0	0	0	0	1	0	0	0	0	0	0	0	0	0	0	0	0	0	9
1068	0	0	0	0	0	0	0	0	1	0	0	0	0	0	0	0	0	0	0	6
1069	0	0	0	0	0	0	1	0	1	0	0	0	0	0	0	0	1	0	0	6
1070	0	0	0	0	0	1	0	0	0	0	0	0	0	0	0	0	0	0	0	9
1071	0	0	0	0	0	1	0	0	0	0	0	0	0	0	0	0	0	0	0	9
1072	0	0	0	0	0	1	0	0	0	0	0	0	0	0	1	0	0	0	0	2
1073	0	0	0	0	0	0	0	0	0	0	0	0	0	0	0	0	1	0	0	7
1074	0	0	0	0	0	1	0	0	1	0	0	0	0	0	0	0	0	0	0	8
1075	0	0	0	0	0	0	0	0	1	0	0	0	0	0	0	0	0	0	0	6
1076	0	1	1	1	1	0	0	0	0	1	0	0	0	0	0	0	0	0	0	5
1077	0	0	0	0	0	0	0	0	0	0	0	0	0	0	0	0	1	0	0	7
1078	0	0	0	1	1	0	0	0	0	0	0	0	0	0	0	0	0	0	0	1
1079	0	0	0	0	0	1	0	0	0	0	0	0	1	0	0	0	0	0	0	9
1080	0	0	0	0	0	1	0	0	0	0	0	0	0	0	0	0	0	0	0	9
1081	0	0	0	0	0	0	1	0	0	0	0	0	0	0	0	0	0	0	0	0
1082	0	0	0	0	0	0	0	0	1	0	0	0	0	0	0	0	0	0	0	6
1083	0	0	0	0	0	0	1	0	0	0	0	0	0	0	0	0	1	0	0	7
1084	0	0	0	0	0	0	0	1	0	0	0	0	0	0	0	0	0	0	0	0
1085	0	0	0	0	0	0	0	0	1	0	0	0	0	0	1	0	0	0	0	3
1086	0	0	0	0	0	0	0	0	1	0	0	0	0	0	0	0	0	0	0	6
1087	0	1	0	0	0	0	0	0	0	0	0	0	0	0	0	0	0	0	0	4
1088	0	1	0	0	0	0	0	0	0	0	0	0	0	0	0	0	0	0	0	4
1089	0	1	0	0	0	0	0	0	0	0	0	0	0	0	1	0	1	0	0	4
1090	0	0	0	0	0	0	0	0	0	0	0	0	0	0	0	0	1	0	0	7
1091	0	0	1	1	1	0	0	0	0	0	0	0	1	0	0	0	0	0	0	1
1092	0	0	0	0	0	1	0	0	0	0	0	0	0	0	0	0	0	0	0	9
1093	0	0	0	0	0	1	0	0	0	0	0	0	0	0	0	0	0	0	0	9
1094	0	0	0	0	0	1	0	0	0	0	0	0	0	0	0	0	0	0	0	9
1095	0	0	0	0	0	1	0	0	0	0	0	0	0	0	0	0	0	0	0	9
1096	0	0	0	0	0	0	0	0	0	0	0	0	0	0	1	0	0	0	0	2
1097	0	0	0	0	0	0	0	0	1	0	0	0	0	0	0	0	0	0	0	6
1098	0	0	0	0	0	1	0	0	0	0	0	0	0	0	0	0	0	0	0	9
1099	0	0	0	0	0	0	0	0	1	0	0	0	0	0	0	0	0	0	0	6
1100	0	0	0	0	0	1	0	0	1	0	0	0	0	0	1	0	0	0	0	2
1101	0	0	0	0	0	0	0	0	1	0	0	0	0	1	0	0	0	0	0	6
1102	0	0	0	0	0	1	0	0	0	0	0	0	0	0	1	0	0	0	0	2
1103	0	0	0	0	0	1	0	0	1	0	0	0	0	0	0	0	0	0	0	8
1104	0	0	0	0	0	1	1	0	1	0	0	0	0	0	0	0	0	0	0	8
1105	0	1	1	0	0	0	0	0	0	0	0	0	0	0	0	0	1	0	0	4
1106	0	0	0	0	0	0	1	0	1	0	0	0	0	0	0	0	0	0	0	6
1107	0	0	0	0	0	0	0	0	1	0	0	0	0	0	0	0	0	0	0	6
1108	0	0	0	0	0	0	0	0	1	0	0	0	0	0	0	0	0	0	0	6
1109	0	0	0	0	0	0	0	0	1	0	0	0	0	0	0	0	1	0	0	6
1110	0	1	0	0	0	1	0	0	0	0	0	0	1	0	0	1	0	0	0	9
1111	0	0	0	0	0	0	0	0	1	0	0	0	0	0	0	0	0	0	0	6
1112	0	0	0	0	0	0	0	0	1	0	0	0	0	0	0	0	0	0	0	6
1113	0	0	0	0	0	0	0	0	1	0	0	0	0	0	0	0	0	0	0	6
1114	0	0	0	0	0	1	0	0	0	0	0	0	0	0	0	0	0	0	0	9
1115	0	0	0	0	0	1	0	0	1	0	0	0	0	0	1	0	0	0	0	2
1116	0	0	1	0	0	0	0	0	0	0	0	0	0	0	0	0	0	0	0	5
1117	0	0	0	0	0	0	0	0	1	0	0	0	0	0	0	0	0	0	0	6
1118	0	0	0	0	0	1	0	0	0	0	0	0	0	0	0	0	0	0	0	9
1119	0	0	0	0	0	0	0	0	1	0	0	0	0	0	1	0	0	0	0	3
1120	0	0	0	0	0	1	0	0	0	0	0	0	0	0	0	0	0	0	0	9
1121	0	0	0	0	0	0	0	0	1	0	0	0	1	0	0	0	0	0	0	6
1122	0	0	0	0	0	0	1	0	1	0	0	0	0	0	0	0	0	0	0	6
1123	0	0	0	0	0	0	0	0	1	0	0	0	0	0	0	0	0	0	0	6
1124	0	0	0	0	0	0	0	0	0	0	0	0	0	0	1	0	0	1	0	2
1125	0	0	0	0	0	0	0	0	0	0	0	0	0	0	0	0	1	0	0	7
1126	0	0	1	0	0	0	0	0	1	0	0	0	0	0	0	0	0	0	0	6
1127	0	0	0	0	0	0	0	0	1	0	0	0	0	0	0	0	0	0	0	6
1128	0	0	0	0	0	0	0	1	0	0	0	0	0	0	0	0	0	0	0	0
1129	0	0	0	0	0	0	0	0	1	0	0	0	0	1	1	0	0	0	0	3
1130	0	0	0	0	0	0	0	1	0	0	0	0	0	0	0	0	0	0	0	0
1131	0	0	0	0	0	0	0	0	0	0	0	0	0	0	0	0	1	0	0	7
1132	0	0	0	0	0	0	0	0	1	0	0	0	0	0	1	0	0	0	0	3
1133	0	0	1	0	1	0	0	0	0	1	0	0	0	0	0	0	0	0	0	5
1134	0	0	0	0	0	0	0	0	1	0	0	0	0	0	0	0	0	0	0	6
1135	0	0	0	0	0	0	0	0	1	0	0	0	1	0	0	0	0	0	0	6
1136	0	0	0	0	0	0	0	0	1	0	0	0	0	0	0	0	0	0	0	6
1137	0	0	0	0	0	0	0	0	1	0	0	0	0	0	1	0	0	0	0	3
1138	0	1	0	0	0	1	1	0	1	0	0	0	0	0	0	0	0	0	0	8
1139	0	1	0	0	0	0	1	0	0	0	0	0	0	0	0	0	1	0	0	4
1140	0	0	0	0	0	1	0	0	0	0	0	0	0	0	0	0	0	0	0	9
1141	0	0	0	0	0	0	0	1	0	0	0	0	0	0	0	0	0	0	0	0
1142	0	0	0	0	0	0	0	1	0	0	0	0	0	0	0	0	0	0	0	0
1143	0	0	0	0	0	0	1	0	0	0	0	0	0	0	0	0	1	0	0	7
1144	0	0	0	0	0	0	0	0	1	0	0	0	0	0	0	0	0	0	0	6
1145	0	0	0	0	0	0	0	0	1	0	0	0	0	0	0	0	0	0	0	6
1146	0	0	0	0	0	0	0	0	1	0	0	0	0	0	0	0	0	0	0	6
1147	0	0	0	0	0	0	0	0	1	0	0	0	0	0	0	0	0	0	0	6
1148	0	0	0	0	0	0	0	0	1	0	0	0	0	0	0	0	0	0	0	6
1149	0	0	0	0	0	0	0	0	1	0	0	0	0	0	0	0	0	0	0	6
1150	0	0	0	0	0	0	0	0	1	0	0	0	0	0	0	0	0	0	0	6
1151	0	0	0	0	0	0	1	0	0	0	0	0	0	0	0	0	0	0	0	0
1152	0	0	0	0	0	0	0	0	0	0	0	0	0	0	1	0	0	1	0	2
1153	0	0	0	0	0	0	0	0	1	0	0	0	1	0	0	0	0	0	0	6
1154	0	0	0	0	0	0	0	0	0	0	0	0	0	0	0	1	0	0	0	0
1155	0	0	0	0	0	1	0	0	0	0	0	0	0	0	1	0	0	0	0	2
1156	0	0	0	0	0	0	1	0	1	0	0	0	0	0	0	0	0	0	0	6
1157	0	0	0	0	0	0	0	0	0	0	0	1	0	0	0	0	0	0	0	0
1158	0	0	0	0	0	0	0	0	1	0	0	0	0	0	0	0	0	0	0	6
1159	0	0	0	0	0	0	0	0	0	0	0	0	0	1	0	1	0	0	0	0
1160	0	0	0	0	0	0	0	0	1	0	0	0	0	0	1	0	0	0	0	3
1161	0	1	0	0	0	0	0	0	1	0	0	0	0	0	0	0	0	0	0	6
1162	0	0	0	0	0	1	0	0	0	0	0	0	0	0	0	0	0	0	0	9
1163	0	0	0	0	0	0	0	0	1	0	0	0	0	0	0	0	0	0	0	6
1164	0	0	0	0	1	0	0	0	0	0	0	0	0	0	0	0	0	0	0	1
1165	0	0	0	0	0	1	0	0	1	0	0	0	0	0	0	0	0	0	0	8
1166	0	0	0	0	0	1	0	0	0	0	0	0	0	0	0	0	0	0	0	9
1167	0	0	0	0	0	1	0	0	0	0	0	0	0	0	0	0	0	0	0	9
1168	0	0	0	0	0	0	0	0	1	0	0	0	0	0	0	0	0	0	0	6
1169	0	0	0	0	0	0	0	0	1	0	0	0	0	0	0	0	0	0	0	6
1170	0	0	0	0	0	1	0	0	1	0	0	0	0	0	0	0	0	0	0	8
1171	0	0	0	0	0	0	0	0	1	0	0	0	0	0	0	0	0	0	0	6
1172	0	0	0	0	0	1	0	0	0	0	0	0	0	0	0	0	0	0	0	9
1173	0	0	0	0	0	0	0	0	1	0	0	0	0	0	1	0	0	0	0	3
1174	0	0	0	0	0	0	0	0	1	0	0	0	0	0	0	0	1	0	0	6
1175	0	0	0	0	0	0	0	0	0	0	0	0	0	0	1	0	0	0	0	2
1176	0	0	0	0	0	0	0	0	1	0	0	0	0	0	0	0	0	1	0	6
1177	0	0	0	0	0	1	0	0	0	0	0	0	0	0	0	0	0	0	0	9
1178	0	0	0	0	0	1	0	0	0	0	0	0	0	0	0	0	0	0	0	9
1179	0	0	0	0	0	1	0	0	0	0	0	0	0	0	0	0	0	0	0	9
1180	0	1	0	0	0	1	0	0	0	0	0	0	0	0	0	0	0	0	0	9
1181	0	1	0	0	0	1	0	0	0	0	0	0	0	0	0	0	0	0	0	9
1182	0	0	0	0	0	1	0	0	0	0	0	0	0	0	0	0	0	0	0	9
1183	0	1	0	0	0	1	0	0	0	0	0	0	0	0	0	0	0	0	0	9
1184	0	0	0	0	0	0	0	1	0	0	0	0	0	0	0	0	0	0	0	0
1185	0	0	0	0	0	1	0	0	0	0	0	0	0	0	0	0	0	1	0	9
1186	0	0	0	0	0	1	0	0	1	0	0	0	0	0	0	0	0	0	0	8
1187	0	0	0	0	0	0	1	0	0	0	0	0	0	0	0	0	0	0	0	0
1188	0	1	0	0	0	1	0	0	0	0	0	0	0	0	0	0	0	0	1	9
1189	0	0	0	0	0	0	0	0	1	0	0	0	0	0	0	0	0	0	0	6
1190	0	0	0	0	0	1	0	0	0	0	0	0	0	0	1	0	0	0	0	2
1191	0	0	0	0	0	0	1	0	1	0	0	0	0	0	0	0	0	0	0	6
1192	0	0	0	0	0	0	0	0	1	0	0	0	0	0	0	0	0	0	0	6
1193	0	0	0	0	0	0	0	0	1	0	0	0	0	0	0	0	0	0	0	6
1194	0	0	0	0	0	0	1	0	1	0	0	0	0	0	0	0	0	0	0	6
1195	0	0	0	0	0	0	0	0	1	0	0	0	0	0	0	0	0	0	0	6
1196	0	0	0	0	0	0	0	0	1	0	0	0	0	0	0	0	0	0	0	6
1197	0	0	0	0	0	1	0	0	1	0	0	0	0	0	0	0	0	0	0	8
1198	0	0	0	0	0	0	1	0	0	0	0	0	0	0	0	0	1	0	0	7
1199	0	0	0	0	0	1	0	0	0	0	0	1	0	0	0	0	0	0	0	9
1200	0	0	0	0	1	0	0	0	1	0	0	0	0	0	0	0	0	0	0	6
1201	0	0	0	0	0	0	0	1	0	0	0	0	0	0	0	0	0	0	0	0
1202	0	0	0	0	0	1	0	0	0	0	0	0	0	0	0	0	0	0	0	9
1203	0	0	0	0	0	1	0	0	0	0	0	0	1	0	1	0	0	0	0	2
1204	0	0	0	0	0	1	0	0	1	0	0	0	0	0	0	0	0	1	0	8
1205	0	0	0	0	0	0	0	0	1	0	0	0	0	0	0	0	0	0	0	6
1206	0	0	0	0	0	1	0	0	0	0	0	0	0	0	0	0	0	0	0	9
1207	0	0	0	0	0	0	0	0	0	0	0	0	0	0	0	0	1	0	0	7
1208	0	0	0	0	0	0	1	0	1	0	0	0	0	0	0	0	1	0	0	6
1209	0	0	0	0	0	1	0	0	0	0	0	0	0	0	0	0	0	0	0	9
1210	0	0	0	0	0	0	0	0	0	0	0	0	0	0	0	1	1	0	0	7
1211	0	0	0	0	0	0	0	0	1	0	0	0	0	0	1	0	0	0	0	3
1212	0	0	0	0	0	0	0	0	1	0	0	0	0	1	1	0	0	0	0	3
1213	0	0	0	0	0	0	1	0	1	0	0	0	0	0	0	0	1	0	0	6
1214	0	0	0	0	0	0	0	0	1	0	0	0	0	0	0	0	0	0	0	6
1215	0	1	0	0	0	0	0	0	0	0	0	0	0	0	0	1	0	0	0	4
1216	0	0	0	0	0	0	0	0	0	0	0	0	0	0	1	0	0	0	0	2
1217	0	0	0	0	0	0	0	0	0	0	0	0	0	0	0	0	1	0	0	7
1218	0	0	0	0	0	1	0	0	0	0	0	0	0	0	0	0	0	0	0	9
1219	0	0	0	1	1	1	0	0	0	0	0	0	0	0	1	0	0	0	0	1
1220	0	0	0	0	0	0	0	0	1	0	0	0	0	0	0	0	0	0	0	6
1221	0	0	0	0	0	0	0	0	1	0	0	0	0	0	0	0	0	0	0	6
1222	0	1	0	0	0	0	0	0	0	0	0	0	0	0	0	0	0	0	0	4
1223	0	0	0	0	0	0	0	0	1	0	0	0	0	0	0	0	0	0	0	6
1224	0	0	0	0	0	0	0	0	1	0	0	0	0	0	0	0	0	0	0	6
1225	0	0	0	0	0	1	0	0	0	0	0	0	0	0	0	0	0	0	0	9
1226	0	0	0	0	0	0	1	0	1	0	0	0	0	0	0	0	0	0	0	6
1227	0	0	0	0	0	0	0	0	1	0	0	0	0	0	0	0	0	0	0	6
1228	0	1	0	0	0	0	0	0	0	0	0	0	0	0	0	0	0	0	0	4
1229	0	0	0	0	0	0	0	0	1	0	0	0	0	0	0	0	1	0	0	6
1230	0	0	0	0	0	1	0	0	0	0	0	0	0	0	0	0	0	0	0	9
1231	0	1	0	0	0	0	0	0	1	0	0	0	0	0	0	0	0	0	0	6
1232	0	0	0	0	0	0	0	1	0	0	0	0	0	0	0	0	0	0	0	0
1233	0	0	0	0	0	0	0	0	1	0	0	0	0	0	0	0	0	0	0	6
1234	0	0	0	0	0	1	0	0	0	0	0	0	0	0	0	0	0	0	0	9
1235	0	0	0	0	0	0	1	0	0	0	0	0	0	0	0	0	0	0	0	0
1236	0	0	0	0	0	0	0	0	1	0	0	0	0	0	0	0	0	0	0	6
1237	0	0	0	0	0	1	0	0	1	0	0	0	0	0	0	0	0	0	0	8
1238	0	0	0	0	0	0	0	0	1	0	0	0	0	0	0	0	0	0	0	6
1239	0	1	1	0	0	0	0	0	0	0	0	0	0	0	1	0	0	0	0	5
1240	0	0	0	1	0	0	0	0	0	0	0	0	0	0	0	1	0	0	0	0
1241	0	0	0	0	0	1	0	0	1	0	0	0	0	0	0	0	0	0	0	8
1242	0	0	0	0	0	1	0	0	0	0	0	0	0	0	0	0	0	0	0	9
1243	0	0	0	0	0	0	0	0	0	0	0	1	0	0	0	0	0	0	0	0
1244	0	1	0	0	0	0	0	0	0	0	0	0	0	0	0	0	0	0	0	4
1245	0	0	0	0	0	0	1	0	0	0	0	0	0	0	0	0	0	0	0	0
1246	0	0	0	0	0	1	0	0	0	0	0	0	0	0	0	0	0	0	0	9
1247	0	0	0	0	0	0	0	0	0	0	0	0	0	0	0	0	0	0	1	0
1248	0	0	0	0	0	0	0	0	0	0	0	0	0	0	0	0	1	0	0	7
1249	0	0	0	0	0	1	0	0	0	0	0	0	0	0	0	0	0	0	0	9
1250	0	1	0	0	0	0	0	0	0	0	0	0	0	0	0	0	0	0	0	4
1251	0	0	0	0	0	1	0	0	0	0	0	0	0	0	0	0	0	0	0	9
1252	0	0	0	0	0	0	0	0	1	0	0	0	0	0	0	0	0	0	0	6
1253	0	0	0	0	0	0	0	0	0	0	0	0	0	0	0	0	1	0	0	7
1254	0	0	0	0	0	1	0	0	0	0	0	0	0	0	0	0	0	0	0	9
1255	0	0	0	0	0	0	0	0	1	0	0	0	0	0	0	0	0	0	0	6
1256	0	0	0	0	0	0	0	0	1	0	0	0	0	0	0	0	0	0	0	6
1257	0	0	0	0	0	0	0	0	1	0	0	0	0	0	0	0	0	0	0	6
1258	0	0	0	0	0	1	0	0	0	0	0	0	0	0	1	0	0	0	0	2
1259	0	0	0	0	0	1	0	0	0	0	0	0	0	0	1	0	0	0	0	2
1260	0	0	0	0	0	0	0	0	1	0	0	0	0	0	0	0	0	0	0	6
1261	0	0	0	0	0	0	0	0	1	0	0	0	0	0	0	0	0	0	0	6
1262	0	0	0	0	0	0	0	0	0	0	0	0	0	0	1	0	0	0	0	2
1263	0	0	0	0	0	0	0	0	1	0	0	0	0	0	0	0	0	0	0	6
1264	0	0	0	0	0	0	0	0	1	0	0	0	0	0	0	0	0	0	0	6
1265	0	0	0	0	0	0	0	0	1	0	0	0	0	0	0	0	0	0	0	6
1266	0	0	0	0	0	0	0	0	1	0	0	0	0	0	0	0	0	0	0	6
1267	0	0	0	0	0	0	0	0	1	0	0	0	0	0	0	0	0	0	0	6
1268	0	0	0	0	0	0	0	0	1	0	0	0	0	0	0	0	0	0	0	6
1269	0	0	0	0	0	1	0	0	0	0	0	0	0	0	1	0	0	0	0	2
1270	0	0	0	0	0	1	0	0	0	0	0	0	0	0	0	0	0	0	0	9
1271	0	0	0	0	0	1	0	0	0	0	0	0	0	0	0	0	0	0	0	9
1272	0	0	0	0	0	1	0	0	1	0	0	0	0	0	0	0	0	0	0	8
1273	0	0	0	0	0	0	0	0	1	0	0	0	0	0	0	0	1	0	0	6
1274	0	0	0	0	0	0	0	0	0	0	0	0	0	0	0	1	1	0	0	7
1275	0	0	0	0	0	0	0	0	0	0	0	0	0	0	0	0	1	0	0	7
1276	0	0	0	0	0	0	0	0	1	0	0	0	0	0	0	0	0	0	0	6
1277	0	1	0	0	0	0	1	0	0	0	0	0	0	0	0	0	0	0	0	4
1278	0	0	0	0	0	0	0	0	1	0	0	0	1	0	0	0	0	0	0	6
1279	0	0	1	0	1	0	0	0	0	0	0	0	0	0	0	0	0	0	0	5
1280	0	0	0	0	0	0	1	0	0	0	0	0	0	0	0	0	0	0	0	0
1281	0	0	0	0	0	0	0	0	1	0	0	0	0	0	0	0	0	0	0	6
1282	0	0	0	0	0	0	0	0	1	0	0	0	0	0	0	0	0	0	0	6
1283	0	0	0	0	0	1	0	0	0	0	0	0	0	0	0	0	0	0	0	9
1284	0	0	0	0	0	0	0	0	1	0	0	0	0	1	0	0	0	0	0	6
1285	0	0	0	0	0	0	0	0	1	0	0	0	0	0	0	0	0	0	0	6
1286	0	0	0	0	0	1	0	0	0	0	0	0	1	0	1	0	0	0	0	2
1287	0	0	0	0	0	1	0	0	0	0	0	0	0	0	0	0	0	0	0	9
1288	0	0	0	0	0	1	0	0	0	0	0	0	0	0	0	0	0	0	0	9
1289	0	0	0	0	0	0	0	0	0	0	0	0	0	0	1	0	0	0	0	2
1290	0	0	0	0	0	0	0	0	1	0	0	0	0	0	1	0	0	0	0	3
1291	0	0	0	0	0	1	0	0	0	0	0	0	0	0	0	0	0	0	0	9
1292	0	0	0	0	1	0	0	0	0	1	0	0	0	0	0	0	0	0	0	1
1293	0	0	1	0	1	0	0	0	0	1	0	0	0	0	0	1	0	0	0	5
1294	0	0	0	0	0	0	0	1	0	0	0	0	0	0	0	0	0	0	0	0
1295	0	0	0	0	0	1	0	0	1	0	0	0	0	0	0	0	0	0	0	8
1296	0	0	0	0	0	1	0	0	1	0	0	0	0	0	0	0	0	0	0	8
1297	0	0	0	0	0	0	0	0	1	0	0	0	0	0	1	0	0	0	0	3
1298	0	0	0	0	0	1	0	0	0	0	0	0	1	0	0	0	0	0	0	9
1299	0	0	0	0	0	0	0	0	1	0	0	0	0	0	1	0	0	0	0	3
1300	0	0	0	0	0	0	0	0	1	0	0	0	0	0	1	0	0	0	0	3
1301	0	0	0	0	0	1	0	0	0	0	0	0	0	0	0	0	0	0	0	9
1302	0	0	0	0	0	1	0	0	0	0	0	0	0	0	0	0	0	0	0	9
1303	0	1	0	0	0	0	0	0	0	0	0	0	0	0	0	0	0	0	0	4
1304	0	1	0	0	0	0	1	0	0	0	0	0	0	0	0	0	0	0	0	4
1305	0	0	0	0	0	1	0	0	0	0	0	0	0	0	0	0	0	0	0	9
1306	0	0	0	0	0	0	0	0	1	0	0	0	0	0	0	0	0	0	0	6
1307	0	0	0	0	0	0	0	1	0	0	0	0	0	0	0	0	0	0	0	0
1308	0	0	0	0	0	1	0	0	1	0	0	0	0	0	0	0	0	0	0	8
1309	0	0	0	0	0	0	0	0	1	0	0	0	0	0	0	0	0	0	0	6
1310	0	0	0	0	0	0	0	0	1	0	0	0	0	0	0	0	0	0	0	6
1311	0	0	0	0	0	1	0	0	1	0	0	0	0	0	0	0	0	0	0	8
1312	0	0	0	0	0	1	0	0	1	0	0	0	0	0	0	0	0	0	0	8
1313	0	0	0	0	0	0	0	0	0	0	1	0	0	1	0	0	1	0	0	7
1314	0	1	1	0	0	0	0	0	0	0	0	0	0	0	0	0	1	0	0	4
1315	0	0	0	0	0	0	0	0	1	0	0	0	0	0	1	0	0	0	0	3
1316	0	0	0	0	0	0	0	0	1	0	0	0	0	0	0	0	0	0	0	6
1317	0	0	0	0	0	0	0	0	1	0	0	0	0	0	0	0	0	0	0	6
1318	0	0	0	0	0	0	0	1	0	0	0	0	0	0	0	0	0	0	0	0
1319	0	0	0	0	0	0	0	0	1	0	0	0	0	0	0	0	0	0	0	6
1320	0	0	0	0	0	0	0	0	1	0	0	0	0	0	0	0	0	0	0	6
1321	0	0	0	0	0	1	0	0	0	0	0	0	0	0	0	0	0	0	0	9
1322	0	0	0	0	0	1	0	0	0	0	0	0	0	0	0	0	0	0	0	9
1323	0	0	0	0	0	0	0	0	1	0	0	0	0	0	0	0	0	0	0	6
1324	0	0	0	0	0	0	0	0	1	0	0	0	0	0	0	0	1	0	0	6
1325	0	0	0	0	0	0	0	0	1	0	0	0	0	0	0	0	0	0	0	6
1326	0	0	0	0	0	0	0	0	1	0	0	0	0	0	0	0	0	0	0	6
1327	0	0	0	0	0	0	0	0	1	0	0	0	0	0	0	0	0	0	0	6
1328	0	0	0	0	0	0	0	0	1	0	0	0	0	0	0	0	0	0	0	6
1329	0	0	0	0	0	0	0	0	1	0	0	0	0	0	0	0	0	0	0	6
1330	0	0	0	0	0	0	0	0	1	0	0	0	0	0	0	0	0	0	0	6
1331	0	0	0	0	0	0	0	1	0	0	0	0	0	0	0	0	0	0	0	0
1332	0	0	0	0	0	0	0	0	1	0	0	0	0	0	0	0	0	0	0	6
1333	0	0	0	0	0	1	0	0	1	0	0	0	0	0	0	0	0	0	0	8
1334	0	0	0	0	0	0	0	0	1	0	0	0	0	0	0	0	0	0	0	6
1335	0	0	0	0	0	0	0	0	1	0	0	0	0	0	0	0	0	0	0	6
1336	0	0	0	0	1	1	0	0	0	1	0	0	0	0	0	0	0	0	0	9
1337	0	0	0	0	0	1	0	0	0	0	0	0	0	0	0	0	0	0	0	9
1338	0	0	0	0	0	0	0	0	1	0	0	0	0	0	0	0	0	0	0	6
1339	0	0	0	0	0	1	0	0	1	0	0	0	0	0	0	0	0	0	0	8
1340	0	0	0	0	0	0	0	0	0	0	0	0	0	0	1	0	0	0	0	2
1341	0	0	0	0	0	0	0	0	1	0	0	0	0	0	0	0	0	0	0	6
1342	0	0	0	0	0	0	0	0	1	0	0	0	0	0	0	0	0	0	0	6
1343	0	0	0	0	0	0	0	0	1	0	0	0	0	0	0	0	0	0	0	6
1344	0	0	0	0	0	0	0	0	1	0	0	0	0	0	0	0	0	0	0	6
1345	0	0	0	0	0	0	0	0	1	0	0	0	0	0	0	0	0	0	0	6
1346	0	0	0	0	0	0	0	0	1	0	0	0	0	0	0	0	0	0	0	6
1347	0	0	0	0	0	0	0	0	1	0	0	0	0	0	0	0	0	0	0	6
1348	0	0	0	0	0	0	0	0	1	0	0	0	0	0	0	0	0	0	0	6
1349	0	0	0	0	0	1	0	0	0	0	0	0	0	0	0	0	0	0	0	9
1350	0	0	0	0	0	0	0	0	1	0	0	0	0	0	0	0	0	0	0	6
1351	0	0	0	0	0	1	0	0	0	0	0	0	0	0	0	0	0	0	0	9
1352	0	0	0	0	0	0	0	0	1	0	0	0	0	0	0	0	0	0	0	6
1353	0	0	0	0	0	0	0	0	0	0	0	0	0	0	1	0	0	0	0	2
1354	0	0	0	0	0	0	0	0	1	0	0	0	0	0	0	0	0	0	0	6
1355	0	0	0	0	0	0	0	0	1	0	0	0	0	0	0	0	0	0	0	6
1356	0	0	0	0	0	1	0	0	0	0	0	0	0	0	0	0	0	0	0	9
1357	0	0	0	0	0	0	0	0	0	0	0	0	0	0	1	0	0	1	0	2
1360	0	0	0	0	0	1	0	0	0	0	0	0	0	0	0	0	0	0	0	9
1361	0	0	0	0	0	1	0	0	0	0	0	0	0	0	0	0	0	0	0	9
1362	0	1	0	0	0	0	0	0	0	0	0	0	0	0	0	0	0	0	0	4
1363	0	0	0	0	0	0	0	1	0	0	0	0	0	0	0	0	0	0	0	0
1364	0	1	0	0	0	0	0	0	0	0	0	0	0	0	0	0	0	0	0	4
1365	0	1	0	0	0	0	0	0	1	0	0	0	0	0	0	0	0	0	0	6
1366	0	0	0	0	0	0	0	1	1	0	0	0	0	0	0	0	0	0	0	6
1367	0	0	0	1	0	0	0	0	0	0	0	0	0	0	0	0	0	0	0	0
1368	0	0	0	0	0	0	0	0	1	0	0	0	0	0	0	0	0	0	0	6
1369	0	0	0	0	0	0	0	0	1	0	0	0	0	0	0	0	0	0	0	6
1370	0	0	0	0	0	0	0	0	1	0	0	0	0	0	0	0	1	0	0	6
1371	0	0	0	0	0	1	0	0	0	0	0	1	0	0	0	0	0	0	0	9
1372	0	1	0	0	0	0	0	0	0	0	0	0	0	0	0	0	0	0	0	4
1373	1	0	0	0	0	0	0	0	0	0	0	0	0	0	0	0	0	0	0	0
1374	0	0	0	0	0	1	0	0	0	0	0	0	0	0	0	0	0	0	0	9
1375	0	0	0	0	0	0	0	0	1	0	0	0	0	0	0	0	0	0	0	6
1376	0	0	0	0	0	1	0	0	0	0	0	0	0	0	0	0	0	0	0	9
1377	0	0	0	0	0	1	0	0	0	0	0	0	0	0	1	0	0	0	0	2
1378	0	0	0	0	0	0	0	1	0	0	0	0	0	0	0	0	0	0	0	0
1379	0	0	0	0	0	0	0	0	0	0	0	0	0	0	1	0	0	0	0	2
1380	0	0	0	0	0	0	0	0	1	0	0	0	0	0	0	0	0	0	0	6
1381	0	0	0	0	0	0	0	0	1	0	0	0	0	0	0	0	0	0	0	6
1382	0	0	0	0	0	0	0	0	1	0	0	0	0	0	0	0	0	0	0	6
1383	0	0	1	0	1	0	0	0	0	0	0	0	0	0	0	0	0	0	0	5
1384	0	0	0	0	0	0	0	0	1	0	0	0	0	0	0	0	0	0	0	6
1385	0	0	0	0	0	1	0	0	0	0	0	0	0	0	1	0	0	0	0	2
1386	0	0	0	0	0	0	0	0	0	0	0	0	0	0	0	1	0	0	0	0
1387	0	0	0	0	0	0	0	0	0	0	0	0	0	0	1	0	0	0	0	2
1388	0	0	0	0	0	0	0	0	1	0	0	0	0	0	0	0	0	0	0	6
1389	0	0	0	0	0	0	0	0	1	0	0	0	0	0	0	0	0	0	0	6
1390	0	0	0	0	0	0	1	0	0	0	0	0	0	0	0	0	0	0	0	0
1391	0	0	0	0	0	0	0	0	1	0	0	0	0	0	0	0	0	0	0	6
1392	0	0	0	0	0	0	0	0	1	0	0	0	0	0	0	0	0	0	0	6
1393	0	1	0	0	0	0	0	0	0	0	0	0	0	0	0	0	1	0	0	4
1394	0	0	0	0	0	0	0	0	0	0	0	0	0	0	1	0	0	0	0	2
1395	0	0	0	0	0	0	0	0	1	0	0	0	0	0	0	0	0	0	0	6
1396	0	0	0	0	0	0	0	0	1	0	0	0	0	0	0	0	0	0	0	6
1397	0	0	0	0	0	0	0	0	1	0	0	0	0	0	0	0	0	0	0	6
1398	0	0	0	0	0	0	0	0	1	0	0	0	0	0	0	0	0	0	0	6
1399	0	0	0	0	0	0	0	0	0	0	0	0	0	0	0	0	1	0	0	7
1400	0	0	0	0	0	0	0	0	1	0	0	0	0	0	1	0	0	0	0	3
1401	0	0	0	0	0	0	0	0	1	0	0	0	0	0	0	0	0	0	0	6
1402	0	0	0	0	0	0	0	0	1	0	0	0	0	0	0	0	0	0	0	6
1403	0	0	0	0	0	1	0	0	1	0	0	0	0	0	0	0	0	0	0	8
1404	0	0	0	0	0	1	0	0	0	0	0	0	0	0	0	0	0	0	0	9
1405	0	0	0	0	0	0	0	0	1	0	0	0	0	0	0	0	0	0	0	6
1406	0	0	0	0	0	0	0	0	1	0	0	0	0	0	1	0	0	0	0	3
1407	0	1	0	0	0	0	0	0	0	0	0	0	0	0	0	0	0	0	0	4
1408	0	0	0	0	0	1	0	0	0	0	0	0	0	0	0	0	0	0	0	9
1409	0	0	0	1	1	0	0	0	0	0	0	0	0	0	0	0	0	0	0	1
1410	0	0	0	0	0	0	0	0	1	0	0	0	0	0	0	0	0	0	0	6
1411	0	0	1	0	0	0	0	0	0	0	0	0	0	0	0	1	0	0	0	5
1412	0	0	0	1	1	0	0	0	0	0	0	0	0	0	0	0	0	0	0	1
1413	0	1	0	0	0	0	0	0	0	0	0	0	0	0	0	0	0	0	0	4
1414	0	1	0	0	0	0	0	0	0	0	0	0	0	0	0	0	0	0	0	4
1415	0	1	0	0	1	0	0	0	0	0	0	0	0	0	0	0	0	0	0	4
1416	0	1	0	0	0	0	0	0	0	0	0	0	0	0	0	1	0	0	0	4
1417	0	0	0	0	0	0	0	0	1	0	0	0	0	0	0	0	0	0	0	6
1418	0	0	0	0	0	0	0	0	1	0	0	0	0	0	0	0	0	0	0	6
1419	0	1	0	0	0	0	0	0	0	0	0	0	0	0	0	1	0	0	0	4
1420	0	0	0	0	0	1	0	0	0	0	0	0	0	0	0	0	0	0	0	9
1421	0	0	0	0	0	0	0	0	1	0	0	0	0	0	0	0	0	0	0	6
1422	0	0	0	0	0	0	0	0	0	0	1	0	0	0	0	0	1	0	0	7
1423	0	0	0	0	0	0	0	0	1	0	0	0	0	0	0	0	0	1	0	6
1424	0	0	0	0	0	1	0	0	1	0	0	0	0	0	1	0	0	0	0	2
1425	0	0	0	0	0	1	0	0	1	0	0	0	0	0	0	0	0	0	0	8
1426	0	0	0	0	0	1	0	0	1	0	0	0	0	0	0	0	0	0	0	8
1427	0	0	0	0	0	0	0	0	1	0	0	0	0	0	0	0	0	0	0	6
1428	0	0	0	0	0	1	0	0	0	0	0	0	0	0	0	0	0	0	0	9
1429	0	0	0	0	0	0	0	0	1	0	0	0	0	0	1	0	0	0	0	3
1430	0	0	0	0	0	0	0	0	1	0	0	0	0	0	0	0	0	0	0	6
1431	0	0	0	0	0	0	0	0	0	0	0	0	0	0	0	0	1	0	0	7
1432	0	0	0	0	0	0	0	0	1	0	0	0	0	0	0	0	0	0	0	6
1433	0	1	0	0	0	0	0	0	1	0	0	0	0	0	0	0	0	0	0	6
1434	0	0	0	0	0	0	0	0	0	0	0	0	0	0	1	0	0	0	0	2
1435	0	0	0	0	0	1	0	0	0	0	0	0	0	0	0	0	0	0	0	9
1436	0	0	0	0	0	0	0	0	1	0	0	0	0	0	1	0	0	0	0	3
1437	0	0	0	0	0	1	0	0	0	0	0	0	0	0	0	0	0	0	0	9
1438	0	0	0	0	0	0	0	0	1	0	0	0	0	0	0	0	0	0	0	6
1439	0	0	0	0	0	0	1	0	1	0	0	0	0	0	0	0	0	0	0	6
1440	0	0	0	0	0	0	0	0	1	0	0	0	0	0	0	0	0	0	0	6
1441	0	0	0	0	0	0	0	0	1	0	0	0	0	0	1	0	0	0	0	3
1442	0	0	0	0	0	0	0	0	1	0	0	0	0	0	0	0	0	0	0	6
1443	0	0	0	0	0	0	0	0	1	0	0	0	0	0	0	0	0	0	0	6
1444	0	0	0	0	1	1	0	0	0	0	0	0	0	1	0	0	0	0	0	9
1445	0	0	0	0	0	0	0	0	1	0	0	0	0	0	0	0	0	0	0	6
1446	0	0	0	0	0	1	0	0	0	0	0	0	0	0	0	0	0	0	0	9
1447	0	0	0	0	0	0	0	0	1	0	0	0	0	0	0	0	0	0	0	6
1448	0	0	0	0	0	0	0	0	1	0	0	0	0	0	0	0	0	0	0	6
1449	0	0	0	0	0	0	0	0	1	0	0	0	0	0	0	0	0	0	0	6
1450	0	0	1	0	0	0	0	0	0	0	0	0	0	0	1	0	0	0	0	5
1451	0	0	0	0	0	0	0	0	0	0	0	0	0	0	0	0	1	0	0	7
1452	0	0	0	0	0	1	0	0	0	0	0	0	0	1	0	0	0	0	0	9
1453	0	0	0	0	0	0	1	0	1	0	0	0	0	0	0	0	0	0	0	6
1454	0	0	0	0	0	0	0	0	0	0	0	0	0	0	0	0	0	0	1	0
1455	0	0	0	0	0	0	0	0	0	0	0	0	0	0	0	0	0	0	1	0
1456	0	0	0	0	0	1	0	0	1	0	0	0	0	0	0	0	0	0	0	8
1457	0	0	0	0	0	1	0	0	1	0	0	0	0	0	0	0	0	0	0	8
1458	0	0	0	0	0	1	0	0	0	0	0	0	1	0	1	0	0	0	0	2
1459	0	0	0	0	0	0	0	0	0	0	0	0	1	0	0	0	0	0	0	0
1460	0	0	0	0	0	1	0	0	1	0	0	0	0	0	0	0	0	0	0	8
1461	0	0	0	0	0	1	0	0	0	0	0	0	0	0	0	0	0	0	0	9
1462	0	0	0	0	0	0	1	0	1	0	0	0	0	0	1	0	0	0	0	3
1463	0	0	0	0	0	1	0	0	0	0	0	0	0	0	0	0	0	0	0	9
1464	0	0	0	0	0	0	0	0	1	0	0	0	0	0	0	0	0	0	0	6
1465	0	0	0	0	0	1	0	0	1	0	0	0	0	0	0	0	0	0	0	8
1466	0	0	0	0	0	0	0	0	1	0	0	0	0	0	0	0	0	0	0	6
1467	0	0	0	0	0	0	0	0	1	0	0	0	0	0	0	0	0	0	0	6
1468	0	0	0	0	0	0	0	0	1	0	0	0	0	0	0	0	0	0	0	6
1469	0	0	1	0	1	0	0	0	0	0	0	0	0	0	0	0	0	0	0	5
1470	0	0	0	1	1	0	0	0	0	0	0	0	0	0	0	0	0	0	0	1
1471	0	0	0	0	0	0	0	0	0	0	0	0	0	0	0	0	1	0	0	7
1472	0	0	0	0	0	1	0	0	0	0	0	0	0	0	0	1	0	0	0	9
1473	0	0	0	0	1	0	0	0	1	0	0	0	0	0	0	0	0	0	0	6
1474	0	0	0	0	0	1	0	0	0	0	0	0	0	0	1	0	0	0	0	2
1475	0	0	0	0	0	1	0	0	1	0	0	0	0	0	0	0	0	0	0	8
1476	0	0	0	0	0	0	0	0	0	0	1	0	0	0	0	0	0	0	0	0
1477	0	0	0	0	0	0	0	0	0	0	0	1	0	0	0	0	1	0	0	7
1478	0	1	0	0	0	0	1	0	1	0	0	0	0	0	0	0	0	0	0	6
1479	0	0	0	0	0	1	0	0	0	0	0	0	0	0	0	0	0	0	0	9
1480	0	0	1	0	1	1	0	0	0	0	0	0	0	0	0	0	0	0	0	5
1481	0	0	0	0	0	0	0	0	1	0	0	0	0	0	0	0	0	0	0	6
1482	0	0	0	0	0	0	0	1	0	0	0	0	0	0	0	0	0	0	0	0
1483	0	1	0	0	0	0	0	0	1	0	0	0	0	0	1	0	0	0	0	3
1484	0	1	0	0	0	1	0	0	0	0	0	0	0	0	0	0	0	0	0	9
1485	0	0	0	0	0	0	0	0	1	0	0	0	0	0	1	0	0	1	0	3
1486	0	0	0	0	0	0	0	0	1	0	0	0	0	0	0	0	0	0	0	6
1487	0	0	0	0	0	1	0	0	0	0	0	0	0	0	1	0	0	0	0	2
1488	0	0	0	0	0	0	0	0	1	0	0	0	0	0	0	0	0	0	0	6
1489	0	0	0	0	0	1	0	0	0	0	0	0	0	0	0	0	0	0	0	9
1490	0	0	0	0	0	1	0	0	0	0	0	0	0	0	0	0	0	0	0	9
1491	0	1	0	0	0	0	0	0	1	0	0	0	0	0	0	0	1	0	0	4
1492	0	0	0	0	0	1	0	0	0	0	0	0	0	0	0	0	0	0	0	9
1493	0	0	0	0	0	0	0	0	0	0	0	0	0	0	1	0	0	0	0	2
1494	0	0	0	0	0	1	0	0	0	0	0	0	0	0	0	0	0	0	0	9
1495	0	0	0	0	0	0	0	0	1	0	0	0	0	0	0	0	0	0	0	6
1496	0	0	0	0	0	1	1	0	0	0	0	0	0	0	0	0	0	0	0	9
1497	0	0	0	0	0	0	0	1	0	0	0	0	0	0	0	0	0	0	0	0
1498	0	0	0	0	0	1	0	0	0	0	0	0	0	0	0	0	0	0	0	9
1499	0	0	0	0	0	1	0	0	0	0	0	0	0	0	0	0	0	0	0	9
1500	0	0	0	0	0	1	0	0	0	0	0	0	0	0	0	0	0	0	0	9
1501	0	0	0	0	0	0	0	0	0	0	0	0	0	0	0	0	0	1	0	0
1502	0	0	0	0	0	1	0	0	0	0	0	0	0	0	1	0	0	0	0	2
1503	0	0	1	0	1	0	0	0	0	0	0	0	0	0	0	0	0	0	0	5
1504	0	0	0	0	0	1	0	0	0	0	0	0	0	0	0	0	0	0	0	9
1505	0	0	0	0	0	0	1	0	1	0	0	0	0	0	0	0	0	0	0	6
1506	0	0	0	0	0	0	0	0	1	0	0	0	0	0	0	0	0	0	0	6
1507	0	0	0	0	0	1	0	0	0	0	0	0	0	0	0	0	0	0	0	9
1508	0	0	0	0	0	0	0	0	1	0	0	0	0	0	0	0	1	0	0	6
1509	0	0	0	0	0	1	0	0	0	0	0	0	0	0	0	0	0	0	0	9
1510	0	0	0	0	0	0	1	0	0	0	0	0	0	0	0	0	0	0	0	0
1511	0	0	0	0	0	1	0	0	0	0	0	0	0	0	0	0	0	0	0	9
1512	0	0	0	0	0	0	0	0	1	0	0	0	0	0	0	0	0	0	0	6
1513	0	0	0	0	0	1	0	0	0	0	0	0	0	0	0	0	0	0	0	9
1514	0	0	0	0	0	0	0	0	1	0	0	0	0	0	0	0	0	0	0	6
1515	0	0	1	0	0	0	0	0	0	0	0	0	0	0	1	0	0	0	0	5
1516	0	0	0	0	0	0	0	0	1	0	0	0	0	0	0	0	0	0	0	6
1517	0	0	0	0	0	0	0	0	1	0	0	0	0	0	0	0	0	0	0	6
1518	0	0	0	0	0	0	0	0	1	0	0	0	0	0	0	0	0	0	0	6
1519	0	0	0	0	0	0	1	0	1	0	0	0	0	0	0	0	0	0	0	6
1520	0	0	0	0	0	0	0	0	0	0	0	1	0	0	0	0	0	0	0	0
1521	0	0	0	0	0	1	0	0	0	0	0	0	0	0	1	0	0	0	0	2
1522	0	0	0	0	0	0	0	0	0	0	0	0	0	0	0	0	1	0	0	7
1523	0	1	1	0	0	0	0	0	0	0	0	0	0	0	0	0	0	0	0	5
1524	0	0	0	0	0	0	0	0	1	0	0	0	0	0	0	0	0	0	0	6
1525	0	0	0	0	0	1	0	0	0	0	0	0	0	0	1	0	0	0	0	2
1526	0	0	0	0	0	0	0	0	1	0	0	0	0	0	1	0	1	0	0	3
1527	0	0	0	0	0	1	0	0	0	0	0	0	0	0	0	0	0	0	0	9
1528	0	0	0	0	0	0	0	0	1	0	0	0	0	0	0	0	0	0	0	6
1529	0	0	0	0	0	0	0	0	0	0	0	0	0	0	0	0	0	1	0	0
1530	0	0	0	0	0	0	0	0	1	0	0	0	0	0	0	0	0	0	0	6
1531	0	0	1	0	1	0	0	0	0	0	0	0	0	0	0	0	0	0	0	5
1532	0	0	0	0	0	0	0	0	1	0	0	0	0	0	0	0	0	0	0	6
1533	0	0	0	0	0	0	0	0	1	0	0	0	0	0	0	0	0	0	0	6
1534	0	0	0	0	0	1	1	0	0	0	0	0	0	0	0	0	0	0	0	9
1535	0	0	0	0	0	0	0	0	1	0	0	0	0	0	0	0	0	0	0	6
1536	0	0	0	0	0	0	0	0	1	0	0	0	0	0	0	0	0	0	0	6
1537	0	0	0	0	0	1	0	0	0	0	0	0	0	0	0	0	0	0	0	9
1538	0	0	0	0	0	0	0	0	1	0	0	0	0	0	0	0	0	0	0	6
1539	0	0	0	0	0	0	0	0	1	0	0	0	0	0	0	0	0	0	0	6
1540	0	0	1	0	1	0	0	0	0	0	0	0	0	0	0	0	0	0	0	5
1541	0	0	0	0	0	0	0	0	1	0	0	0	0	0	0	0	0	0	0	6
1542	0	0	0	0	0	0	0	0	1	0	0	0	0	0	0	0	0	0	0	6
1543	0	0	0	0	0	0	0	0	1	0	0	0	0	0	0	0	0	0	0	6
1544	0	0	0	0	0	1	0	0	0	0	0	0	0	0	0	0	0	0	0	9
1545	0	0	0	0	0	0	0	0	1	0	0	0	0	0	1	0	0	0	0	3
1546	0	0	0	0	0	0	0	0	1	0	0	0	0	0	0	0	0	0	0	6
1547	0	0	0	0	0	0	0	1	0	0	0	0	0	0	0	0	0	0	0	0
1548	0	1	0	0	0	0	0	0	0	0	0	0	0	0	0	0	1	0	0	4
1549	0	0	0	0	0	0	0	0	0	0	0	0	0	0	0	0	1	0	0	7
1550	0	0	0	0	0	1	0	0	0	0	0	0	0	0	0	0	0	0	0	9
1551	0	0	0	0	0	0	0	0	1	0	0	0	0	0	0	0	0	0	0	6
1552	0	1	0	0	0	0	0	0	0	0	0	0	0	0	0	0	0	0	0	4
1553	0	0	0	0	0	0	0	0	0	0	0	0	0	1	0	0	1	0	0	7
1554	0	0	0	0	0	0	0	0	1	0	0	0	0	0	0	0	0	0	0	6
1555	0	0	1	0	1	0	0	0	0	0	0	0	0	0	0	0	0	0	0	5
1556	0	1	0	0	0	0	0	0	1	0	0	0	0	0	0	0	1	0	0	4
1557	0	0	0	0	0	1	0	0	1	0	0	0	0	0	0	0	0	0	0	8
1558	0	0	0	0	0	0	0	0	1	0	0	0	0	0	0	0	0	0	0	6
1559	0	1	0	0	0	0	0	0	1	0	0	0	0	0	0	0	1	0	0	4
1560	0	0	0	0	0	0	1	0	0	0	0	0	0	0	0	0	0	0	0	0
1561	0	0	0	0	0	0	0	1	1	0	0	0	0	0	0	0	0	0	0	6
1562	0	0	0	0	0	0	0	1	0	0	0	0	0	0	0	0	0	0	0	0
1563	0	0	0	0	0	0	0	0	0	0	0	0	0	0	1	0	0	0	0	2
1564	0	0	0	0	0	0	0	0	1	0	0	0	0	0	0	0	0	0	0	6
1565	0	0	0	0	0	0	0	0	1	0	0	0	0	0	0	0	0	0	0	6
1566	0	0	0	0	0	0	0	0	1	0	0	0	0	0	0	0	0	0	0	6
1567	0	0	0	0	0	1	0	0	0	0	0	0	0	0	0	0	0	0	0	9
1568	0	0	0	0	0	1	0	0	0	0	0	0	0	0	1	0	0	0	0	2
1569	0	0	0	0	0	1	0	0	1	0	0	0	0	0	0	0	0	0	0	8
1570	0	0	0	0	0	1	0	0	0	0	0	0	0	0	0	0	0	0	0	9
1571	0	0	0	0	0	0	0	0	1	0	0	0	0	0	0	0	0	0	0	6
1572	0	0	0	0	0	0	0	0	1	0	0	0	0	0	0	0	0	0	0	6
1573	0	0	0	0	0	0	0	0	0	0	0	1	0	0	0	0	0	0	0	0
1574	0	0	0	0	0	0	0	0	0	0	0	0	0	0	0	0	0	1	0	0
1575	0	0	0	0	0	0	0	0	1	0	0	0	0	0	0	0	0	0	0	6
1576	0	0	0	0	0	0	0	0	0	1	0	0	0	0	0	0	0	0	0	0
1577	0	0	0	0	0	0	0	0	1	0	0	0	0	0	0	0	0	0	0	6
1578	0	0	0	0	0	0	0	0	1	0	0	0	0	0	0	0	0	0	0	6
1579	0	0	0	0	0	0	0	0	0	0	0	0	0	0	0	0	1	0	0	7
1580	0	0	0	0	0	0	0	0	0	0	0	0	0	0	1	0	0	0	0	2
1581	0	0	0	0	0	0	0	0	0	0	0	0	0	1	0	0	0	0	0	0
1582	0	0	0	0	0	0	0	0	0	0	1	0	0	0	0	0	0	0	0	0
1583	0	0	0	0	0	0	0	0	1	0	0	0	0	0	0	0	0	0	0	6
1584	0	0	0	0	0	0	0	0	1	0	0	0	0	0	0	0	0	0	0	6
1585	0	0	0	0	0	0	0	1	0	0	0	0	0	0	0	0	0	0	0	0
1586	0	1	0	0	0	0	1	0	1	0	0	0	0	0	0	0	0	0	0	6
1587	0	0	0	0	0	0	0	0	0	0	0	0	0	0	0	0	0	0	1	0
1588	0	0	0	0	0	1	0	0	1	0	0	0	0	0	0	0	0	0	0	8
1589	0	0	0	0	0	1	0	0	0	0	0	0	0	0	0	0	0	0	0	9
1590	0	0	0	0	0	0	0	0	1	0	0	0	0	0	0	0	0	0	0	6
1591	0	0	0	0	0	0	0	0	1	0	0	0	0	0	0	0	0	0	0	6
1592	0	0	0	0	0	0	0	0	1	0	0	0	0	0	0	0	0	0	0	6
1593	0	0	0	0	0	1	0	0	0	0	0	0	0	0	0	0	0	0	0	9
1594	0	0	0	0	0	0	0	1	0	0	0	0	0	0	0	0	0	0	0	0
1595	0	1	0	0	0	0	0	0	0	0	0	0	0	0	0	0	1	0	0	4
1596	0	1	0	0	0	0	0	0	0	0	0	0	0	0	0	1	1	0	0	4
1597	0	1	0	0	0	0	0	0	1	0	0	0	0	0	0	0	0	0	0	6
1598	0	0	0	0	0	0	1	0	0	0	0	0	0	0	0	0	1	0	0	7
1599	0	0	0	0	0	0	0	0	1	0	0	0	0	0	0	0	0	0	0	6
1600	0	0	0	0	0	1	0	0	0	0	0	0	0	0	0	0	0	0	0	9
1601	0	0	0	0	0	0	0	0	0	0	0	0	0	0	0	0	1	0	0	7
1602	0	0	0	0	0	0	0	0	1	0	0	0	0	0	0	0	0	0	0	6
1603	0	0	0	0	0	0	0	0	1	0	0	0	0	0	0	0	0	0	0	6
1604	0	0	0	0	0	0	1	0	0	0	1	0	0	0	0	0	1	0	0	7
1605	0	0	0	0	0	1	0	0	0	0	0	0	0	0	0	0	0	0	0	9
1606	0	0	0	0	0	0	1	0	0	0	0	0	0	0	0	0	0	0	0	0
1607	0	0	0	0	0	0	0	0	1	0	0	0	0	0	0	0	0	0	0	6
1608	0	0	1	0	1	0	0	0	1	0	0	0	0	0	0	0	0	0	0	5
1609	0	0	0	0	0	1	0	0	0	0	0	0	0	0	0	0	0	0	0	9
1610	0	1	0	0	0	0	1	0	0	0	0	0	0	0	1	0	0	0	0	4
1611	0	0	0	0	0	1	0	0	0	0	0	0	0	0	0	0	0	0	0	9
1612	0	0	0	0	0	0	0	0	0	0	0	0	0	0	1	0	0	0	0	2
1613	0	1	0	0	0	0	0	0	1	0	0	0	0	0	0	0	0	0	0	6
1614	0	0	0	0	0	1	0	0	1	0	0	0	0	0	0	0	0	0	0	8
1615	0	1	1	0	1	0	0	0	0	1	0	0	0	0	0	0	0	0	0	5
1616	0	0	0	0	0	0	0	0	1	0	0	0	0	0	0	0	0	0	0	6
1617	0	0	0	0	0	0	0	0	0	0	0	0	0	0	1	0	0	0	0	2
1618	0	1	0	0	0	0	1	0	0	0	0	0	0	0	0	0	0	0	0	4
1619	0	0	0	0	0	0	0	0	1	0	0	0	0	0	0	0	0	0	0	6
1620	0	0	0	0	0	1	0	0	0	0	0	0	0	0	0	0	0	0	0	9
1621	0	0	0	0	0	0	0	0	0	0	0	0	0	0	0	0	1	0	0	7
1622	0	0	0	0	0	1	0	0	0	0	0	0	0	0	0	0	0	0	0	9
1623	0	0	0	0	0	0	0	0	1	0	0	0	0	0	0	0	0	0	0	6
1624	0	0	0	0	0	0	0	0	0	0	0	0	0	0	0	0	1	0	0	7
1625	0	0	0	0	0	0	0	0	0	0	0	1	0	0	0	0	1	0	0	7
1626	0	0	0	0	0	1	0	0	1	0	0	0	0	0	0	0	0	0	0	8
1627	0	0	0	0	0	1	0	0	1	0	0	0	0	0	0	0	0	0	0	8
1628	0	0	0	0	0	0	0	0	1	0	0	0	0	0	0	0	0	0	0	6
1629	0	0	0	0	0	0	0	1	0	0	0	0	0	0	0	0	0	0	0	0
1630	0	0	0	0	0	0	0	0	1	0	0	0	0	0	0	0	0	0	0	6
1631	0	0	0	0	0	1	0	0	1	0	0	0	0	0	0	0	0	0	0	8
1632	0	0	0	0	0	0	0	0	0	0	0	0	0	0	0	0	0	1	0	0
1633	0	0	0	0	0	1	0	0	1	0	0	0	0	0	0	0	0	0	0	8
1634	0	0	0	0	0	0	0	0	1	0	0	0	0	0	0	0	0	0	0	6
1635	0	0	0	0	0	0	0	0	1	0	0	0	0	0	0	0	0	0	0	6
1636	0	0	0	0	0	0	0	0	1	0	0	0	0	0	0	0	0	0	0	6
1637	0	0	0	0	0	0	0	0	1	0	0	0	0	0	0	0	0	0	0	6
1638	0	0	0	0	0	0	1	0	1	0	0	0	0	0	0	0	0	0	0	6
1639	0	0	0	0	0	0	0	0	1	0	0	0	0	0	0	0	0	0	0	6
1640	0	0	0	0	0	0	0	0	1	0	0	0	0	0	0	0	0	0	0	6
1641	0	0	0	0	0	0	0	1	0	0	0	0	0	0	0	0	0	0	0	0
1642	0	0	0	0	0	0	0	0	1	0	0	0	0	0	0	0	0	0	0	6
1643	0	0	0	0	0	0	0	0	1	0	0	0	0	0	0	0	0	0	0	6
1644	0	0	0	0	0	1	0	0	0	0	0	0	0	0	0	0	0	0	0	9
1645	0	0	0	0	0	0	0	0	1	0	0	0	0	0	0	0	0	0	0	6
1646	0	1	0	0	0	0	0	0	1	0	0	0	0	0	0	0	0	0	0	6
1647	0	0	0	0	0	1	1	0	1	0	0	0	0	0	0	0	0	0	0	8
1648	0	0	0	0	0	0	0	0	1	0	0	0	0	0	0	0	0	0	0	6
1649	0	0	0	0	0	1	0	1	0	0	0	0	0	0	0	0	0	0	0	9
1650	0	0	0	0	0	0	0	0	1	0	0	0	0	0	0	0	0	0	0	6
1651	0	0	0	0	0	0	0	0	1	0	0	0	0	0	0	0	1	0	0	6
1652	0	0	0	0	0	0	0	0	0	0	0	0	0	0	1	0	0	0	0	2
1653	0	0	0	0	0	0	0	0	1	0	0	0	0	0	0	0	0	0	0	6
1654	0	0	0	0	0	1	0	0	0	0	0	0	0	0	0	0	0	0	0	9
1655	0	0	0	0	0	1	0	0	0	0	0	0	0	0	1	0	0	0	0	2
1656	0	0	0	0	0	1	0	0	0	0	0	0	0	0	1	0	0	0	0	2
1657	0	1	0	0	0	0	0	0	1	0	0	0	0	0	0	0	0	0	0	6
1658	0	0	0	0	0	0	0	0	1	0	0	0	0	0	0	0	0	0	0	6
1659	0	0	0	0	0	1	0	0	0	0	0	0	0	0	0	0	0	0	0	9
1660	0	0	0	0	0	0	0	0	1	0	0	0	0	0	0	0	0	0	0	6
1661	0	0	0	0	0	0	0	0	1	0	0	0	0	0	0	0	0	0	0	6
1662	0	0	0	0	0	0	0	0	1	0	0	0	0	0	1	0	0	0	0	3
1663	0	0	0	0	0	0	0	0	1	0	0	0	0	0	0	0	0	1	0	6
1664	0	0	0	0	0	1	0	0	0	0	0	0	0	0	0	0	0	0	0	9
1665	0	0	0	0	0	0	0	0	1	0	0	0	0	0	0	0	0	0	0	6
1666	0	0	0	0	0	0	0	0	1	0	0	0	0	0	0	0	0	0	0	6
1667	0	0	0	0	0	0	0	0	1	0	0	0	0	0	0	0	0	0	0	6
1668	0	0	0	0	0	1	0	0	0	0	0	0	0	0	0	0	0	0	0	9
1669	0	0	0	0	0	0	1	0	1	0	0	0	0	1	0	0	0	0	0	6
1670	0	0	0	0	0	1	0	0	0	0	0	0	0	0	0	0	1	0	0	7
1671	0	0	0	0	0	0	0	0	1	0	0	0	0	0	0	0	0	0	0	6
1672	0	0	0	0	0	0	0	0	1	0	0	0	0	0	0	0	0	0	0	6
1673	0	1	0	0	0	0	0	0	0	0	0	0	0	0	0	0	1	0	0	4
1674	0	0	0	0	0	0	0	0	1	0	0	0	0	0	0	0	0	0	0	6
1675	0	0	0	0	0	0	0	0	1	0	0	0	0	0	0	0	0	0	0	6
1676	0	0	0	0	0	0	0	0	1	0	0	0	0	0	0	0	0	0	0	6
1677	0	0	0	0	0	0	0	0	1	0	0	0	0	0	0	0	0	0	0	6
1678	0	0	0	0	0	0	0	0	1	0	0	0	0	0	0	0	0	0	0	6
1679	0	0	0	0	0	0	0	0	0	0	0	0	0	0	1	0	1	0	0	7
1680	0	0	0	0	0	0	0	0	1	0	0	0	0	0	1	0	0	0	0	3
1681	0	0	0	0	0	1	0	0	0	0	0	0	0	0	0	0	0	0	0	9
1682	0	0	0	0	0	0	0	0	1	0	0	0	0	0	0	0	0	0	0	6
